query_id,input_text,retrieved_indices,retrieved_scores,method
0,다시는 결혼하고 싶지 않아요.,"[160, 163]","[82.0, 82.0]",method1_keyword_rule_based
1,에스컬레이터 손잡이를 잡아야 한다.,"[14, 79, 160, 161, 162, 163]","[101.0, 101.0, 77.0, 77.0, 77.0, 77.0]",method1_keyword_rule_based
2,그는 가끔 가만가만히 생각하는 버릇이 있다.,"[60, 125, 160, 161, 162, 14, 79, 52, 117, 30, 95, 45, 110, 46, 111, 163]","[169.0, 169.0, 137.0, 137.0, 137.0, 99.0, 99.0, 94.0, 94.0, 82.0, 82.0, 82.0, 82.0, 82.0, 82.0, 82.0]",method1_keyword_rule_based
3,이 글은 사회적 약자들의 목소리에 주목했다는 점에서 이익이 있다.,"[160, 161, 162, 163, 5, 70, 14, 79, 17, 82, 59, 124]","[137.0, 137.0, 137.0, 137.0, 82.0, 82.0, 82.0, 82.0, 77.0, 77.0, 72.0, 72.0]",method1_keyword_rule_based
4,국가를 지도하는 이로서 조치를 취할 수밖에 없다.,"[46, 111, 163, 160, 149, 59, 124, 155]","[82.0, 82.0, 82.0, 82.0, 74.0, 74.0, 74.0, 74.0]",method1_keyword_rule_based
5,신청 대상(2021~2023년도) 가입자,"[14, 79, 46, 111, 163]","[82.0, 82.0, 77.0, 77.0, 77.0]",method1_keyword_rule_based
6,이 제품은 공식 사이트에서만 구매할 수 있다.,"[160, 161, 162, 163, 5, 70, 14, 79]","[137.0, 137.0, 137.0, 137.0, 82.0, 82.0, 82.0, 82.0]",method1_keyword_rule_based
7,막내가 빈자떡을 둥글넓적하게 만들었다.,"[12, 77, 46, 111, 163]","[171.0, 171.0, 82.0, 82.0, 77.0]",method1_keyword_rule_based
8,점심으로는 짜장면 곱빼기를 먹었다.,"[145, 163]","[89.0, 77.0]",method1_keyword_rule_based
9,죽 한 사발을 먹었다.,"[5, 70, 10, 75, 20, 85, 31, 96, 163, 23, 88, 24, 89, 133, 14, 79, 22, 87]","[82.0, 82.0, 82.0, 82.0, 82.0, 82.0, 82.0, 82.0, 82.0, 77.0, 77.0, 77.0, 77.0, 77.0, 72.0, 72.0, 72.0, 72.0]",method1_keyword_rule_based
10,아이가 목걸이를 앓아서 말을 잘 못한다.,"[59, 124, 20, 85, 154, 160, 161, 162, 163, 7, 46, 72, 111]","[106.0, 106.0, 99.0, 99.0, 89.0, 82.0, 82.0, 82.0, 82.0, 77.0, 77.0, 77.0, 77.0]",method1_keyword_rule_based
11,오늘은 날도 춥지만 더우기 비까지 내린다.,"[45, 110, 13, 78, 160, 161, 162, 163, 14, 79, 39, 104, 42, 107, 149]","[137.0, 137.0, 99.0, 99.0, 82.0, 82.0, 82.0, 82.0, 82.0, 82.0, 82.0, 82.0, 82.0, 82.0, 74.0]",method1_keyword_rule_based
12,생일에는 케이크에 초를 꽂고 소원을 빌어야 한다.,"[163, 14, 79, 10, 75, 20, 85, 160, 161, 162, 13, 78, 54, 119, 133]","[137.0, 82.0, 82.0, 82.0, 82.0, 82.0, 82.0, 77.0, 77.0, 77.0, 72.0, 72.0, 72.0, 72.0, 72.0]",method1_keyword_rule_based
13,검경찰,"[31, 96, 14, 79, 149]","[82.0, 82.0, 77.0, 77.0, 72.0]",method1_keyword_rule_based
14,은주는 방에 들어가 문을 닫았다. 그리곤 한참 뒤에야 밖으로 나왔다.,"[27, 92, 30, 95, 163, 10, 75, 2, 67, 11, 76, 14, 79, 42, 107, 46, 111, 160]","[101.0, 101.0, 99.0, 99.0, 82.0, 82.0, 82.0, 77.0, 77.0, 77.0, 77.0, 77.0, 77.0, 77.0, 77.0, 77.0, 77.0, 77.0]",method1_keyword_rule_based
15,연습을 열심히 하면 발표를 잘할 수 있다.,"[7, 72, 62, 127, 163, 149]","[94.0, 94.0, 94.0, 94.0, 82.0, 74.0]",method1_keyword_rule_based
16,첼린저,[],[],method1_keyword_rule_based
17,"‘12345’처럼 5개의 숫자가 있을 때 네 번째로 큰 수는?""이라고 물어보는 질문.","[46, 111, 14, 79, 131, 42, 107, 4, 69, 5, 70, 19, 84, 23, 88, 28, 93, 31, 96, 32, 97, 33, 98, 163, 142]","[137.0, 137.0, 99.0, 99.0, 99.0, 89.0, 89.0, 82.0, 82.0, 82.0, 82.0, 82.0, 82.0, 82.0, 82.0, 82.0, 82.0, 82.0, 82.0, 82.0, 82.0, 82.0, 82.0, 82.0, 74.0]",method1_keyword_rule_based
18,"서로 통했다!""라고 하며 부둥켜 안았다.","[46, 111, 7, 72, 163, 13, 78, 14, 79, 140, 146, 59, 124]","[169.0, 169.0, 82.0, 82.0, 82.0, 82.0, 82.0, 82.0, 82.0, 74.0, 74.0, 74.0, 74.0]",method1_keyword_rule_based
19,물을 부어 두고 면이 붇기 전에 드세요.,"[13, 78, 14, 79, 30, 95, 42, 107, 160, 163]","[82.0, 82.0, 82.0, 82.0, 82.0, 82.0, 82.0, 82.0, 82.0, 82.0]",method1_keyword_rule_based
20,접수증을 직접 드리거나 휴대 전화 문자 메시지 또는 전자 우편으로 보내드립니다.,"[39, 104, 146]","[82.0, 82.0, 74.0]",method1_keyword_rule_based
21,간밤에 늦게 잤더니 아침 늦게 눈이 뜨여 큰일 날 뻔했다.,"[15, 30, 80, 95, 163, 160, 161]","[82.0, 82.0, 82.0, 82.0, 82.0, 77.0, 77.0]",method1_keyword_rule_based
22,꼭 기억하십시요.,"[163, 14, 79, 7, 72, 10, 75, 13, 78, 160]","[82.0, 77.0, 77.0, 72.0, 72.0, 72.0, 72.0, 72.0, 72.0, 72.0]",method1_keyword_rule_based
23,"잎의 윗면은 녹갈색을 띠고, 아랫면은 연한 회록색을 띤다.","[10, 75, 39, 104, 42, 107, 0, 65, 33, 98, 14, 79, 30, 95]","[82.0, 82.0, 82.0, 82.0, 82.0, 82.0, 82.0, 82.0, 77.0, 77.0, 77.0, 77.0, 77.0, 77.0]",method1_keyword_rule_based
24,올 한 해도 고생 많으셨어요.,"[61, 126, 30, 95, 33, 98, 14, 79, 46, 111, 163, 7, 55, 72, 120, 31, 96, 23, 88, 24, 89, 133, 5, 70, 22, 87]","[99.0, 99.0, 82.0, 82.0, 82.0, 82.0, 82.0, 82.0, 82.0, 82.0, 82.0, 77.0, 77.0, 77.0, 77.0, 77.0, 77.0, 77.0, 77.0, 77.0, 77.0, 77.0, 72.0, 72.0, 72.0, 72.0]",method1_keyword_rule_based
25,쌀아기를 얻어서 죽이라도 쑤어 먹어라.,"[13, 78, 160, 161, 162, 163, 7, 46, 72, 111, 25, 90, 40, 105, 43, 108]","[82.0, 82.0, 82.0, 82.0, 82.0, 82.0, 77.0, 77.0, 77.0, 77.0, 72.0, 72.0, 72.0, 72.0, 72.0, 72.0]",method1_keyword_rule_based
26,바빠서 점심을 먹지 못했다.,"[30, 95, 145, 163, 160, 7, 46, 72, 111]","[99.0, 99.0, 89.0, 82.0, 82.0, 77.0, 77.0, 77.0, 77.0]",method1_keyword_rule_based
27,오늘은 벼씨를 논에 뿌릴 것이다.,"[30, 95, 160, 161, 162, 163, 31, 96, 10, 75, 149, 43, 108, 137, 150, 24, 89, 54, 119, 59, 124]","[137.0, 137.0, 82.0, 82.0, 82.0, 82.0, 77.0, 77.0, 77.0, 77.0, 74.0, 72.0, 72.0, 72.0, 72.0, 72.0, 72.0, 72.0, 72.0, 72.0, 72.0]",method1_keyword_rule_based
28,저희 회사가 자신 있게 선보이는 신제품입니다.,"[22, 87, 163, 14, 79]","[89.0, 89.0, 82.0, 82.0, 82.0]",method1_keyword_rule_based
29,신선하다는 뜻의 '프레시'.,"[163, 13, 78, 160, 161, 162, 53, 118, 30, 95, 14, 79, 60, 125]","[82.0, 82.0, 82.0, 82.0, 82.0, 82.0, 77.0, 77.0, 74.0, 74.0, 72.0, 72.0, 72.0, 72.0]",method1_keyword_rule_based
30,이번 축구 경기에서 철수가 패스를 잘했다.,"[142, 144, 153, 160, 161, 162, 163]","[89.0, 89.0, 89.0, 82.0, 82.0, 82.0, 82.0]",method1_keyword_rule_based
31,내 고향은 서울에서 거리도 멀뿐더러 교통편도 좋지 않다.,"[46, 111, 23, 88, 144, 7, 72, 13, 78, 21, 86, 24, 89, 39, 104, 163, 59, 124, 146]","[137.0, 137.0, 94.0, 94.0, 89.0, 82.0, 82.0, 82.0, 82.0, 82.0, 82.0, 82.0, 82.0, 82.0, 82.0, 82.0, 74.0, 74.0, 74.0]",method1_keyword_rule_based
32,다이어트를 할 때는 운동과 식단의 발란스가 중요하다.,"[14, 79, 56, 121, 30, 95, 39, 104, 61, 126, 13, 78, 160, 161, 162, 163, 33, 98, 59, 124]","[82.0, 82.0, 82.0, 82.0, 79.0, 79.0, 77.0, 77.0, 77.0, 77.0, 77.0, 77.0, 72.0, 72.0, 72.0, 72.0, 72.0, 72.0, 72.0, 72.0]",method1_keyword_rule_based
33,"이번 전시회의 주제는 '어린 시절의 회상, 함께 읽는 일기'이다.","[142, 144, 153, 160, 161, 162, 163]","[89.0, 89.0, 89.0, 82.0, 82.0, 82.0, 82.0]",method1_keyword_rule_based
34,저 산을 넘지 못해. 저 푯말에 '출입 금지'라고 되어 있는 걸.,"[28, 93, 14, 79, 160, 163, 17, 82, 37, 53, 102, 118, 44, 109, 52, 117, 11, 76]","[82.0, 82.0, 82.0, 82.0, 82.0, 82.0, 77.0, 77.0, 77.0, 77.0, 77.0, 77.0, 77.0, 77.0, 77.0, 77.0, 77.0, 77.0]",method1_keyword_rule_based
35,"「한국수화언어법」 제4조 제1항""은 옳다. 법 조항을 표기할 때는 법명과 조항을 모두 밀착하여 쓰고, 법 조항의 앞뒤에 큰따옴표를 쓴다.","[60, 125, 163, 160, 11, 76, 14, 79, 13, 78, 42, 107]","[169.0, 169.0, 137.0, 82.0, 82.0, 82.0, 82.0, 82.0, 77.0, 77.0, 77.0, 77.0]",method1_keyword_rule_based
36,"탕평채는 조선 시대의 궁중 요리인데, 영조가 탕평책을 논하는 자리에서 처음 등장했다는 데에서 이름이 유래했다.","[145, 163, 160, 142]","[89.0, 82.0, 82.0, 74.0]",method1_keyword_rule_based
37,1919. 3. 1.,[],[],method1_keyword_rule_based
38,"안녕하세요, 과장님.","[142, 146, 150, 7, 46, 72, 111, 163]","[74.0, 74.0, 74.0, 72.0, 72.0, 72.0, 72.0, 72.0]",method1_keyword_rule_based
39,도큐멘터리를 만들다.,"[163, 23, 88]","[82.0, 82.0, 82.0]",method1_keyword_rule_based
40,번번히 시험에서 떨어지는 것을 보면 아무래도 나랑은 안 맞는 길 같다.,"[160, 163, 144]","[82.0, 82.0, 74.0]",method1_keyword_rule_based
41,설명은 뒷페이지를 참고하시오.,"[163, 160, 161, 162]","[82.0, 77.0, 77.0, 77.0]",method1_keyword_rule_based
42,"지점장이 경찰서에 고소하자고 해서, 제가 '일단 기다려봅시다. 누구 교도소에 보내면 쓰겠습니까?'라고 말했습니다.","[160, 163, 7, 46, 72, 111, 8, 73]","[82.0, 82.0, 77.0, 77.0, 77.0, 77.0, 72.0, 72.0]",method1_keyword_rule_based
43,콩팥 기능이 정상인 경우 임신률은 일반인과 차이가 없습니다.,[163],[82.0],method1_keyword_rule_based
44,공짜라길래 잔뜩 가져왔다.,"[60, 125, 31, 96, 42, 107, 10, 75, 13, 78, 14, 79]","[169.0, 169.0, 82.0, 82.0, 82.0, 82.0, 77.0, 77.0, 77.0, 77.0, 77.0, 77.0]",method1_keyword_rule_based
45,"초등학생, 중학생 등 미성년자는 보호자를 동반해야 입장 가능합니다.","[13, 78, 14, 79, 145, 163]","[82.0, 82.0, 77.0, 77.0, 76.0, 72.0]",method1_keyword_rule_based
46,녀석은 탁자 위에 몸을 둥근 채 있었다.,"[160, 7, 72, 163, 2, 67]","[137.0, 82.0, 82.0, 82.0, 82.0, 82.0]",method1_keyword_rule_based
47,해당 소문은 사실이 아닌 것으로 드러났습니다.,"[14, 46, 79, 111, 8, 73, 163]","[82.0, 82.0, 82.0, 82.0, 82.0, 82.0, 82.0]",method1_keyword_rule_based
48,저는 이번 컨퍼런스에 참가할 거예요.,"[142, 144, 153, 28, 93, 160, 161, 162, 163, 14, 79, 17, 82, 37, 53, 102, 118, 44, 109, 52, 117, 30, 95]","[89.0, 89.0, 89.0, 82.0, 82.0, 82.0, 82.0, 82.0, 82.0, 77.0, 77.0, 77.0, 77.0, 77.0, 77.0, 77.0, 77.0, 77.0, 77.0, 77.0, 77.0, 72.0, 72.0]",method1_keyword_rule_based
49,워낙 구하기 힘든 물건이라 윗돈까지 주고 샀다.,"[163, 0, 65, 1, 66, 3, 68]","[137.0, 82.0, 82.0, 82.0, 82.0, 82.0, 82.0]",method1_keyword_rule_based
50,남편은 백 리 길을 쌀을 지어 나르고 갔다.,"[23, 88, 163, 14, 79, 10, 75, 4, 69, 17, 82, 31, 96]","[137.0, 137.0, 137.0, 82.0, 82.0, 82.0, 82.0, 82.0, 82.0, 82.0, 82.0, 82.0, 82.0]",method1_keyword_rule_based
51,국에 다진 마늘을 듬뿍 넣어라.,"[2, 67, 13, 78, 23, 88, 42, 107, 60, 125, 163]","[82.0, 82.0, 82.0, 82.0, 82.0, 82.0, 82.0, 82.0, 82.0, 82.0, 82.0]",method1_keyword_rule_based
52,왜 자꾸 청다보는 거야.,"[163, 14, 79, 13, 78, 141, 148, 172, 140, 145, 149, 150]","[82.0, 82.0, 82.0, 77.0, 77.0, 72.0, 72.0, 72.0, 72.0, 72.0, 72.0, 72.0]",method1_keyword_rule_based
53,치수를 재 보자.,"[160, 163, 14, 79, 7, 72, 39, 104, 42, 107, 149]","[82.0, 82.0, 82.0, 82.0, 77.0, 77.0, 77.0, 77.0, 77.0, 77.0, 74.0]",method1_keyword_rule_based
54,플래시를 터뜨리다.,"[165, 14, 79, 168, 160, 163, 23, 88]","[101.0, 101.0, 101.0, 91.0, 77.0, 77.0, 72.0, 72.0]",method1_keyword_rule_based
55,오늘 저녁은 다슬깃굿이다.,"[44, 109, 160, 161, 162, 163, 15, 80, 149]","[99.0, 99.0, 82.0, 82.0, 82.0, 82.0, 82.0, 82.0, 74.0]",method1_keyword_rule_based
56,너 그렇게 하다가 분명 후회할 거야.,"[7, 72, 30, 95, 53, 118, 31, 96, 45, 110, 46, 111, 163, 149]","[137.0, 137.0, 99.0, 99.0, 99.0, 99.0, 82.0, 82.0, 82.0, 82.0, 77.0, 77.0, 77.0, 74.0]",method1_keyword_rule_based
57,"월, 수, 금 모두 행사가 있다.","[17, 82, 1, 66, 11, 76, 19, 84, 24, 89, 54, 119, 14, 79, 39, 104, 60, 125, 145, 59, 124, 7, 72]","[82.0, 82.0, 82.0, 82.0, 82.0, 82.0, 82.0, 82.0, 77.0, 77.0, 77.0, 77.0, 77.0, 77.0, 77.0, 77.0, 77.0, 77.0, 77.0, 72.0, 72.0, 72.0, 72.0]",method1_keyword_rule_based
58,후라이팬을 사용해서 요리를 했다.,"[163, 7, 46, 72, 111, 14, 79, 160, 161, 162]","[82.0, 82.0, 82.0, 82.0, 82.0, 82.0, 82.0, 72.0, 72.0, 72.0]",method1_keyword_rule_based
59,여기는 군사적인 시설로서 바깥쪽엔 해자가 있다.,"[163, 160]","[82.0, 82.0]",method1_keyword_rule_based
60,2023. 4.~9.,[],[],method1_keyword_rule_based
61,원가 계산을 합니까? 안 합니까?,"[46, 111, 163, 142, 149, 155]","[82.0, 82.0, 82.0, 72.0, 72.0, 72.0]",method1_keyword_rule_based
62,디렉터리 구조를 분석해 보자.,"[140, 163, 7, 72, 30, 95, 23, 88]","[89.0, 82.0, 82.0, 82.0, 82.0, 82.0, 72.0, 72.0]",method1_keyword_rule_based
63,이번 박람회에서는 반드시 우리 회사의 신제품을 선봬야 한다.,"[37, 102, 59, 124, 142, 144, 153, 160, 161, 162, 163]","[171.0, 171.0, 91.0, 91.0, 89.0, 89.0, 89.0, 82.0, 82.0, 82.0, 82.0]",method1_keyword_rule_based
64,어머니를 잃고 홀로 밭일을 하는 아버지의 마음도 얼마나 침울했으랴.,"[14, 79, 137, 163, 160, 161, 149, 155]","[94.0, 94.0, 91.0, 82.0, 77.0, 77.0, 76.0, 76.0]",method1_keyword_rule_based
65,이전 확장 개업을 축하합니다.,"[160, 161, 162, 163, 46, 111]","[82.0, 82.0, 82.0, 82.0, 82.0, 82.0]",method1_keyword_rule_based
66,그럼요. 지금 합니다. 해요.,"[145, 140, 141, 160, 163, 161, 162, 155, 14, 79]","[99.0, 89.0, 89.0, 82.0, 82.0, 77.0, 77.0, 76.0, 74.0, 74.0]",method1_keyword_rule_based
67,그는 내 소설을 마음에 들었다.,"[160, 161, 162, 46, 111, 30, 95, 45, 110, 7, 72, 13, 78, 21, 86, 24, 89, 39, 104, 8, 73, 163]","[137.0, 137.0, 137.0, 137.0, 137.0, 82.0, 82.0, 82.0, 82.0, 82.0, 82.0, 82.0, 82.0, 82.0, 82.0, 82.0, 82.0, 82.0, 82.0, 82.0, 82.0, 82.0]",method1_keyword_rule_based
68,머리가 히끗한 할머니께서 나오셨다.,"[2, 67, 12, 77, 42, 107, 11, 76, 160, 163, 161, 155]","[99.0, 99.0, 99.0, 99.0, 99.0, 99.0, 94.0, 94.0, 82.0, 82.0, 77.0, 76.0]",method1_keyword_rule_based
69,계란프라이를 먹었다.,"[163, 160, 161, 162]","[77.0, 72.0, 72.0, 72.0]",method1_keyword_rule_based
70,1920년대에는 식민지 조선에도 신여성이 등장하기 시작했다.,"[22, 87, 145, 163, 160]","[99.0, 99.0, 89.0, 82.0, 77.0]",method1_keyword_rule_based
71,선생님 덕분에 병이 다 낫습니다.,"[149, 30, 95, 39, 104, 42, 107, 14, 79, 10, 75, 11, 76, 141]","[91.0, 82.0, 82.0, 82.0, 82.0, 82.0, 82.0, 77.0, 77.0, 77.0, 77.0, 77.0, 77.0, 76.0]",method1_keyword_rule_based
72,그 집은 부모 자식 간 정이 두터운 것 같더라.,"[160, 161, 162, 30, 95, 45, 110, 5, 70, 163, 145]","[137.0, 137.0, 137.0, 82.0, 82.0, 82.0, 82.0, 82.0, 82.0, 82.0, 74.0]",method1_keyword_rule_based
73,모두들 만나서 반갑습니다.,"[7, 72, 5, 70, 163, 46, 111, 142, 149, 152, 154, 160, 161]","[96.0, 96.0, 82.0, 82.0, 82.0, 77.0, 77.0, 74.0, 74.0, 74.0, 74.0, 72.0, 72.0]",method1_keyword_rule_based
74,많은 양의 흰자위가 노른자위를 에워싸고 있음.,"[11, 76, 14, 79, 19, 84, 23, 88, 160, 163]","[82.0, 82.0, 82.0, 82.0, 82.0, 82.0, 82.0, 82.0, 77.0, 77.0]",method1_keyword_rule_based
75,"그것으로부터 시작된 질문: 영혼은 찢어지는 물성인가, 금가고 깨어지는 물성인가 하는 물음 사이","[45, 110, 142, 14, 79, 160, 161, 162, 163, 149, 151, 148, 150, 152, 156]","[99.0, 99.0, 89.0, 82.0, 82.0, 82.0, 82.0, 82.0, 82.0, 74.0, 74.0, 72.0, 72.0, 72.0, 72.0]",method1_keyword_rule_based
76,용의자가 실종된 그 날은 비가 내렸다.,"[14, 79, 163, 148, 149, 150, 152, 156]","[82.0, 82.0, 77.0, 72.0, 72.0, 72.0, 72.0, 72.0]",method1_keyword_rule_based
77,그는 밥을 먹으면서 까지도 연신 말을 해 댔다.,"[160, 161, 162, 30, 95, 45, 110, 42, 107, 10, 75, 11, 76, 7, 46, 72, 111]","[137.0, 137.0, 137.0, 82.0, 82.0, 82.0, 82.0, 82.0, 82.0, 77.0, 77.0, 77.0, 77.0, 72.0, 72.0, 72.0, 72.0]",method1_keyword_rule_based
78,낮고 둥근 대좌는 연꽃잎이 돋을새김되어 있으며 아래 부분은 없어진 것으로 보인다.,"[30, 95, 11, 76, 163]","[169.0, 169.0, 99.0, 99.0, 82.0]",method1_keyword_rule_based
79,짜장을 얼굴에 다 무쳤으면 먹었다.,"[4, 69, 163, 160]","[72.0, 72.0, 72.0, 72.0]",method1_keyword_rule_based
80,씻고 준비하고 있으랬더니 이때 뭐 했어?,"[27, 92, 163, 160]","[99.0, 99.0, 82.0, 82.0]",method1_keyword_rule_based
81,모든 서류가 다 있는데도 통과되지 못했다.,"[5, 70, 163, 7, 72, 46, 111]","[82.0, 82.0, 82.0, 82.0, 82.0, 82.0, 82.0]",method1_keyword_rule_based
82,내 사촌 동생은 엄청난 개구장이이다.,"[46, 111, 7, 72, 13, 78, 21, 86, 24, 89, 39, 104, 163, 14, 79]","[137.0, 137.0, 82.0, 82.0, 82.0, 82.0, 82.0, 82.0, 82.0, 82.0, 82.0, 82.0, 82.0, 82.0, 82.0]",method1_keyword_rule_based
83,제가 잘 못 들었나 봐요.,"[163, 11, 76, 14, 79, 13, 78, 42, 107, 25, 90, 41, 106, 58, 123, 59, 124, 52, 117]","[137.0, 82.0, 82.0, 82.0, 82.0, 77.0, 77.0, 77.0, 77.0, 72.0, 72.0, 72.0, 72.0, 72.0, 72.0, 72.0, 72.0, 72.0, 72.0]",method1_keyword_rule_based
84,옛몸은 땅에 묻혀 잠들어 있다.,"[2, 67, 39, 104, 42, 107, 14, 79, 60, 125, 156]","[82.0, 82.0, 82.0, 82.0, 82.0, 82.0, 82.0, 82.0, 82.0, 82.0, 72.0]",method1_keyword_rule_based
85,이번 사업의 성공률은 상당히 높다.,"[142, 144, 153, 160, 161, 162, 163]","[89.0, 89.0, 89.0, 82.0, 82.0, 82.0, 82.0]",method1_keyword_rule_based
86,이 냄비는 열보존률이 높지 않다.,"[21, 86, 160, 161, 162, 163, 5, 70, 14, 79]","[169.0, 169.0, 137.0, 137.0, 137.0, 137.0, 82.0, 82.0, 82.0, 82.0]",method1_keyword_rule_based
87,지원: [놀란 표정을 지으며] 벌써 역에 도착했다고?,"[160, 163, 6, 71]","[82.0, 82.0, 82.0, 82.0]",method1_keyword_rule_based
88,저때 얘기했던 그 사람이 드디어 왔다.,"[14, 79, 56, 121, 163, 7, 72, 13, 78]","[82.0, 82.0, 82.0, 82.0, 82.0, 82.0, 82.0, 77.0, 77.0]",method1_keyword_rule_based
89,"잘 사는 사람들은 더 잘 살고, 상대적으로 못 사는 사람들은 더 못 살게 느껴진다는 것이다.","[148, 163, 58, 123, 59, 124, 145, 152, 25, 90, 41, 106]","[89.0, 82.0, 74.0, 74.0, 74.0, 74.0, 74.0, 74.0, 72.0, 72.0, 72.0, 72.0]",method1_keyword_rule_based
90,해당 사업은 아직 진행 중입니다.,"[14, 46, 79, 111, 163]","[82.0, 82.0, 82.0, 82.0, 82.0]",method1_keyword_rule_based
91,"육십갑자: 갑자, 을축, 병인, 정묘, 무진, 기사, 경오, 신미……신유, 임술, 계해","[37, 60, 102, 125, 163]","[99.0, 99.0, 99.0, 99.0, 82.0]",method1_keyword_rule_based
92,손으로 만지지 마. 짜지도 말고.,"[163, 44, 109, 26, 91, 160, 10, 75, 12, 77, 31, 96, 61, 126]","[137.0, 97.0, 97.0, 82.0, 82.0, 82.0, 82.0, 82.0, 82.0, 82.0, 82.0, 82.0, 82.0, 82.0]",method1_keyword_rule_based
93,내레이션이 나오기 시작했다.,"[160, 163, 46, 111, 161, 162, 149, 151]","[82.0, 82.0, 77.0, 77.0, 77.0, 77.0, 74.0, 74.0]",method1_keyword_rule_based
94,토끼가 깡충깡충 뛰어갔다.,"[46, 111, 160, 163]","[94.0, 94.0, 72.0, 72.0]",method1_keyword_rule_based
95,탑신 각 면에는 양쪽 귀퉁이에 넓직한 우주를 두드러지게 본떠 새겨 둔중한 느낌이 난다.,"[14, 79, 13, 78, 24, 89, 0, 65, 11, 76, 42, 107, 53, 118, 30, 95]","[82.0, 82.0, 82.0, 82.0, 82.0, 82.0, 82.0, 82.0, 77.0, 77.0, 77.0, 77.0, 77.0, 77.0, 77.0, 77.0]",method1_keyword_rule_based
96,수업 시간에 샤프를 사용해서 공책에 문제를 풀었다.,"[15, 30, 80, 95, 160, 163, 161, 162]","[82.0, 82.0, 82.0, 82.0, 82.0, 82.0, 82.0, 82.0]",method1_keyword_rule_based
97,아직 한국말에 서툴러서 잘 알아듣지 못해도 이해해 줘.,"[7, 46, 72, 111, 25, 90, 41, 106, 58, 123, 59, 124]","[72.0, 72.0, 72.0, 72.0, 72.0, 72.0, 72.0, 72.0, 72.0, 72.0, 72.0, 72.0]",method1_keyword_rule_based
98,아기가 엄마 품속에서 잠들 듯이 강아지도 어미에게 안겨 잠든다.,"[160, 161, 162, 163, 5, 70, 156]","[82.0, 82.0, 82.0, 82.0, 82.0, 82.0, 74.0]",method1_keyword_rule_based
99,시원한 물소리가 가슴을 틔워 주는 듯했다.,"[163, 8, 73, 23, 88, 46, 111, 160, 59, 124]","[82.0, 82.0, 82.0, 82.0, 82.0, 82.0, 82.0, 77.0, 74.0, 74.0]",method1_keyword_rule_based
100,할머니 집에 계신가요?,"[13, 78, 26, 91, 42, 107, 63, 128, 160, 161, 163, 155, 14, 79, 46, 111]","[82.0, 82.0, 82.0, 82.0, 82.0, 82.0, 82.0, 82.0, 77.0, 77.0, 77.0, 76.0, 72.0, 72.0, 72.0, 72.0]",method1_keyword_rule_based
101,그 투수는 직구도 매달 하지 않는 열정을 보였다.,"[160, 161, 162, 30, 95, 45, 110, 163]","[137.0, 137.0, 137.0, 82.0, 82.0, 82.0, 82.0, 77.0]",method1_keyword_rule_based
102,내가 생각컨대 이 집은 터가 영 좋지 않다.,"[46, 111, 52, 117, 7, 72, 13, 78, 21, 86, 24, 89, 39, 104, 14, 79]","[137.0, 137.0, 94.0, 94.0, 82.0, 82.0, 82.0, 82.0, 82.0, 82.0, 82.0, 82.0, 82.0, 82.0, 82.0, 82.0]",method1_keyword_rule_based
103,무거운 액세서리는 오래 착용하기 힘들다.,"[4, 69, 163, 7, 46, 72, 111, 23, 88]","[77.0, 77.0, 77.0, 72.0, 72.0, 72.0, 72.0, 72.0, 72.0]",method1_keyword_rule_based
104,감기를 예방하기 위해 마스크를 쓰다.,"[163, 8, 73]","[82.0, 82.0, 82.0]",method1_keyword_rule_based
105,이 일은 내가 처리할 거야.,"[160, 161, 162, 163, 46, 111, 5, 70, 14, 79, 24, 89, 30, 95, 42, 107, 56, 121, 7, 72, 13, 78, 21, 86, 39, 104]","[137.0, 137.0, 137.0, 137.0, 137.0, 137.0, 82.0, 82.0, 82.0, 82.0, 82.0, 82.0, 82.0, 82.0, 82.0, 82.0, 82.0, 82.0, 82.0, 82.0, 82.0, 82.0, 82.0, 82.0, 82.0, 82.0]",method1_keyword_rule_based
106,억울하면 너도 큰소리로 말해!,"[7, 72, 31, 96, 45, 110, 163, 8, 73, 23, 88]","[137.0, 137.0, 82.0, 82.0, 82.0, 82.0, 77.0, 77.0, 77.0, 77.0, 77.0]",method1_keyword_rule_based
107,유엔[United Nations],"[163, 142]","[82.0, 74.0]",method1_keyword_rule_based
108,"네 옷은 흙이 많이 묻었다.""라는 문장에서, '네 옷'은 주어로도 볼 수 있고 부사어로도 볼 수 있지 않을까요?","[7, 8, 72, 73, 163, 18, 83, 141, 145, 2, 39, 67, 104, 14, 79, 26, 91]","[137.0, 137.0, 137.0, 137.0, 137.0, 82.0, 82.0, 82.0, 82.0, 82.0, 82.0, 82.0, 82.0, 82.0, 82.0, 82.0, 82.0]",method1_keyword_rule_based
109,새하얀 옷이 필요하다.,"[4, 69, 5, 70, 7, 72, 14, 79, 163, 2, 39, 67, 104, 26, 91]","[82.0, 82.0, 82.0, 82.0, 82.0, 82.0, 82.0, 82.0, 82.0, 82.0, 82.0, 82.0, 82.0, 82.0, 82.0]",method1_keyword_rule_based
110,윈도우 설치 후 보안 설정이 필요하다.,"[163, 160, 161, 162]","[137.0, 82.0, 77.0, 77.0]",method1_keyword_rule_based
111,노을이 참 아름다웠다.,"[6, 71, 163, 13, 78, 29, 94, 140, 142, 145, 160, 161, 162]","[169.0, 169.0, 82.0, 77.0, 77.0, 77.0, 77.0, 72.0, 72.0, 72.0, 72.0, 72.0, 72.0]",method1_keyword_rule_based
112,물고기 치고는 아주 작아요.,"[13, 78, 163, 160, 161, 162]","[169.0, 169.0, 82.0, 82.0, 82.0, 82.0]",method1_keyword_rule_based
113,위쪽에 무언가가 있다.,"[2, 67, 27, 92, 59, 124, 7, 14, 72, 79, 160, 163, 4, 69, 46, 111, 132, 140, 142, 149]","[169.0, 169.0, 169.0, 169.0, 89.0, 89.0, 82.0, 82.0, 82.0, 82.0, 82.0, 82.0, 77.0, 77.0, 77.0, 77.0, 74.0, 74.0, 74.0, 74.0]",method1_keyword_rule_based
114,까치살무사는 살무사과의 뱀이다.,"[13, 78, 160, 163, 4, 69]","[99.0, 99.0, 82.0, 82.0, 77.0, 77.0]",method1_keyword_rule_based
115,삼백 사십 번 고객님은 창구로 오세요.,"[163, 53, 118, 36, 101]","[82.0, 77.0, 77.0, 72.0, 72.0]",method1_keyword_rule_based
116,어이쿠~,"[160, 161, 162, 163]","[77.0, 77.0, 77.0, 77.0]",method1_keyword_rule_based
117,가슴이 쳐져서 고민이다.,"[46, 111, 163, 7, 72, 141]","[82.0, 82.0, 82.0, 77.0, 77.0, 74.0]",method1_keyword_rule_based
118,타코야키를 먹었다.,"[163, 46, 111]","[77.0, 72.0, 72.0]",method1_keyword_rule_based
119,장갑 끼거나 빨래할 때는 안 건드려.,"[10, 75, 46, 111, 163]","[99.0, 99.0, 77.0, 77.0, 77.0]",method1_keyword_rule_based
120,나는 말티즈를 한 마리 키운다.,"[46, 111, 163, 7, 72, 13, 78, 14, 79, 21, 86, 23, 88, 28, 30, 93, 95, 160, 24, 89, 133, 5, 70, 22, 87]","[137.0, 137.0, 137.0, 82.0, 82.0, 82.0, 82.0, 82.0, 82.0, 82.0, 82.0, 82.0, 82.0, 82.0, 82.0, 82.0, 82.0, 77.0, 77.0, 77.0, 77.0, 72.0, 72.0, 72.0, 72.0]",method1_keyword_rule_based
121,쥬스는 과일의 신선한 맛을 담고 있다.,"[160, 161, 162, 163, 14, 79]","[82.0, 82.0, 82.0, 82.0, 77.0, 77.0]",method1_keyword_rule_based
122,수사자는 머리에 갈기가 있다.,"[7, 72, 2, 67, 12, 77, 42, 107, 11, 76, 163]","[99.0, 99.0, 99.0, 99.0, 99.0, 99.0, 99.0, 99.0, 94.0, 94.0, 82.0]",method1_keyword_rule_based
123,황사가 심할 때에는 마스크를 쓰는 것이 좋다.,"[163, 14, 79, 56, 121, 13, 78]","[82.0, 82.0, 82.0, 82.0, 82.0, 77.0, 77.0]",method1_keyword_rule_based
124,시험 잘 보고 와!,"[160, 163, 144, 137, 141, 25, 90, 41, 106, 58, 123, 59, 124]","[82.0, 82.0, 74.0, 74.0, 74.0, 72.0, 72.0, 72.0, 72.0, 72.0, 72.0, 72.0, 72.0]",method1_keyword_rule_based
125,위반 내용(도로교통법 위반(음주 운전)),"[31, 96, 160, 46, 111, 163]","[89.0, 89.0, 82.0, 82.0, 82.0, 72.0]",method1_keyword_rule_based
126,그는 우의정이라는 높은 벼슬에도 올랐다고 합니다.,"[160, 161, 162, 11, 76, 30, 95, 45, 110, 163]","[137.0, 137.0, 137.0, 99.0, 99.0, 82.0, 82.0, 82.0, 82.0, 77.0]",method1_keyword_rule_based
127,이상한데서 고집을 부리네.,"[14, 79, 6, 71, 39, 104, 163, 23, 88, 7, 46, 72, 111, 160, 161, 162]","[99.0, 99.0, 94.0, 94.0, 94.0, 94.0, 82.0, 82.0, 82.0, 72.0, 72.0, 72.0, 72.0, 72.0, 72.0, 72.0]",method1_keyword_rule_based
128,매트리스를 교체했다.,"[46, 111, 166, 163, 14, 79, 59, 124, 23, 88, 160, 161, 162]","[169.0, 169.0, 93.0, 82.0, 82.0, 82.0, 74.0, 74.0, 72.0, 72.0, 72.0, 72.0, 72.0]",method1_keyword_rule_based
129,꼭 그렇다기 보다는 그냥 네가 해줬으면 좋겠다는 거지.,"[52, 117, 160, 161, 162, 22, 87, 14, 79, 7, 72, 10, 75, 13, 78, 163]","[101.0, 101.0, 82.0, 82.0, 82.0, 82.0, 82.0, 77.0, 77.0, 72.0, 72.0, 72.0, 72.0, 72.0, 72.0, 72.0]",method1_keyword_rule_based
130,피로가 싹 풀리는 것처럼 너무 좋아요.,"[163, 23, 88, 25, 90, 35, 100, 60, 125]","[82.0, 77.0, 77.0, 72.0, 72.0, 72.0, 72.0, 72.0, 72.0]",method1_keyword_rule_based
131,살구빛 파스텔을 흠뻑 갈아 넣은 듯하다.,"[163, 33, 56, 98, 121, 39, 104, 160, 161, 162, 140]","[82.0, 82.0, 82.0, 82.0, 82.0, 77.0, 77.0, 77.0, 77.0, 77.0, 72.0]",method1_keyword_rule_based
132,할아버지가 돌아가셔서 주말에 장례를 치렀다.,"[39, 104, 28, 93, 163, 148, 160, 161, 162, 7, 46, 72, 111, 18, 83]","[173.0, 173.0, 89.0, 89.0, 82.0, 78.0, 72.0, 72.0, 72.0, 72.0, 72.0, 72.0, 72.0, 72.0, 72.0]",method1_keyword_rule_based
133,그 점장이가 꿈 해몽을 참 잘하더라.,"[160, 161, 162, 30, 95, 45, 110, 3, 68, 56, 121, 145, 149]","[137.0, 137.0, 137.0, 82.0, 82.0, 82.0, 82.0, 82.0, 82.0, 77.0, 77.0, 72.0, 72.0]",method1_keyword_rule_based
134,얼마나 많은 거예요?,"[58, 123, 24, 89, 31, 96, 46, 111, 163, 6, 71, 14, 79, 16, 81, 145]","[91.0, 91.0, 82.0, 82.0, 82.0, 82.0, 77.0, 77.0, 77.0, 77.0, 77.0, 77.0, 77.0, 77.0, 77.0, 76.0]",method1_keyword_rule_based
135,표가 매진되어 윗돈을 주고서야 겨우 구할 수 있었다.,"[28, 93, 163, 13, 78, 160, 140, 59, 124, 148, 150]","[169.0, 169.0, 137.0, 82.0, 82.0, 82.0, 74.0, 72.0, 72.0, 72.0, 72.0]",method1_keyword_rule_based
136,"각각의 몸돌에는 모서리 기둥을 조각하였으며, 지붕돌을 받치는 받침돌은 체감율에 따라 4단으로 처리하였다.","[18, 83, 5, 70, 163, 7, 46, 72, 111, 23, 88]","[82.0, 82.0, 77.0, 77.0, 77.0, 77.0, 77.0, 77.0, 77.0, 77.0, 77.0]",method1_keyword_rule_based
137,그가 나를 탐탁찮은 눈으로 바라보았다.,"[45, 110, 160, 161, 162, 30, 95, 46, 111, 163, 59, 124]","[169.0, 169.0, 137.0, 137.0, 137.0, 82.0, 82.0, 82.0, 82.0, 82.0, 74.0, 74.0]",method1_keyword_rule_based
138,"처음 뵙겠습니다, 홍길동입니다.","[7, 72, 160, 161, 163]","[96.0, 96.0, 72.0, 72.0, 72.0]",method1_keyword_rule_based
139,"내가 지켜렸던 악담이, 너를 죽을지도 모를 위험 속으로 내몬 것이냐.","[46, 111, 7, 72, 13, 78, 21, 86, 24, 89, 39, 104, 160, 163]","[137.0, 137.0, 82.0, 82.0, 82.0, 82.0, 82.0, 82.0, 82.0, 82.0, 82.0, 82.0, 72.0, 72.0]",method1_keyword_rule_based
140,변변찮은 음식이지만 많이 먹어라.,"[51, 116, 27, 92, 160, 163, 58, 123]","[99.0, 99.0, 99.0, 99.0, 77.0, 77.0, 76.0, 76.0]",method1_keyword_rule_based
141,"예를 들어서 빌 게이츠(Bill Gates), 마이크로소프트(Microsoft)와 같이 괄호 안에 영어를 넣어서 병기를 한다든지요?","[8, 73, 30, 95, 23, 88, 18, 83, 42, 107, 7, 46, 72, 111, 160, 14, 79, 140, 149, 148]","[137.0, 137.0, 99.0, 99.0, 82.0, 82.0, 82.0, 82.0, 77.0, 77.0, 77.0, 77.0, 77.0, 77.0, 77.0, 72.0, 72.0, 72.0, 72.0, 72.0]",method1_keyword_rule_based
142,처음한 갈등 상황이 벌어지고 있다.,[],[],method1_keyword_rule_based
143,프랑스어로 'septembre'는 '셉탕브르'로 적는다.,"[173, 45, 110, 131, 160, 161, 162, 163, 14, 79, 59, 124]","[93.0, 82.0, 82.0, 77.0, 72.0, 72.0, 72.0, 72.0, 72.0, 72.0, 72.0, 72.0]",method1_keyword_rule_based
144,너는 '따위' 같은 게 아니야.,"[7, 72, 31, 96, 45, 110, 160, 152]","[137.0, 137.0, 82.0, 82.0, 82.0, 82.0, 82.0, 74.0]",method1_keyword_rule_based
145,"그럼, 그럼! 실패는 성공의 어머니라는 말도 있잖아.","[23, 88, 59, 124, 160, 161, 162]","[99.0, 99.0, 89.0, 89.0, 82.0, 82.0, 82.0]",method1_keyword_rule_based
146,그는 동틀녘에 돌아왔다.,"[160, 161, 162, 28, 93, 30, 95, 45, 110, 14, 15, 79, 80, 18, 83, 163]","[137.0, 137.0, 137.0, 94.0, 94.0, 82.0, 82.0, 82.0, 82.0, 77.0, 77.0, 77.0, 77.0, 72.0, 72.0, 72.0]",method1_keyword_rule_based
147,이번 겨울은 너무 추웠어. 영희는 며칠 전 철수가 한 말을 떠올렸다.,"[142, 144, 153, 160, 161, 162, 163, 58, 123, 149]","[89.0, 89.0, 89.0, 82.0, 82.0, 82.0, 82.0, 74.0, 74.0, 74.0]",method1_keyword_rule_based
148,아기가 오똑이를 갖고 놀고 있다.,"[44, 109, 160, 161, 162, 163, 20, 85, 13, 78, 25, 90]","[169.0, 169.0, 82.0, 82.0, 82.0, 82.0, 77.0, 77.0, 72.0, 72.0, 72.0, 72.0]",method1_keyword_rule_based
149,후라이팬을 사야 한다.,"[163, 59, 124, 137, 148, 160, 161, 162]","[82.0, 74.0, 74.0, 74.0, 74.0, 72.0, 72.0, 72.0]",method1_keyword_rule_based
150,저희 며칠 전에 와셨지요?,"[39, 104, 10, 75, 14, 79, 23, 88]","[169.0, 169.0, 82.0, 82.0, 82.0, 82.0, 82.0, 82.0]",method1_keyword_rule_based
151,커다란 구렁이가 또래를 틀고 있었다.,"[30, 95, 163, 160, 161, 162]","[77.0, 77.0, 77.0, 77.0, 77.0, 77.0]",method1_keyword_rule_based
152,이틀 날 다시 전화가 왔다.,"[45, 110, 14, 79, 13, 78, 149, 160, 161, 162, 163, 39, 104, 42, 107, 137]","[137.0, 137.0, 94.0, 94.0, 89.0, 89.0, 89.0, 82.0, 82.0, 82.0, 82.0, 82.0, 82.0, 82.0, 82.0, 74.0]",method1_keyword_rule_based
153,그 부부는 사사건건 부딪치더니 결국 이혼하고 말았다.,"[160, 161, 162, 30, 95, 45, 110, 163]","[137.0, 137.0, 137.0, 82.0, 82.0, 82.0, 82.0, 82.0]",method1_keyword_rule_based
154,말(馬)과 말(言) 가운데 어느 것이 장음이냐?,"[10, 75, 13, 78, 14, 79, 17, 82, 35, 100, 53, 118, 133, 54, 119, 58, 123]","[82.0, 82.0, 82.0, 82.0, 82.0, 82.0, 82.0, 82.0, 77.0, 77.0, 77.0, 77.0, 77.0, 72.0, 72.0, 72.0, 72.0]",method1_keyword_rule_based
155,어린 시절부터 함께한 충청북도 충주는 내 고향이나 다름없다.,"[13, 78, 142, 160, 163]","[94.0, 94.0, 89.0, 82.0, 82.0]",method1_keyword_rule_based
156,"된장, 감자 등을 바르는 등의 잘못된 민간요법을 사용하면 안 되어요.","[13, 78, 14, 79, 163]","[99.0, 99.0, 94.0, 94.0, 82.0]",method1_keyword_rule_based
157,아침엔 달걀후라이와 빵을 먹습니다.,"[160, 161, 162, 163]","[82.0, 82.0, 82.0, 82.0]",method1_keyword_rule_based
158,십월은 단풍 구경을 가기가 좋다.,[163],[82.0],method1_keyword_rule_based
159,우리는 야간 산행에 나섰다.,"[13, 78, 140, 145, 148, 23, 88, 163, 160, 161, 162, 15, 30, 80, 95]","[99.0, 99.0, 89.0, 89.0, 89.0, 82.0, 82.0, 82.0, 82.0, 82.0, 82.0, 82.0, 82.0, 82.0, 82.0]",method1_keyword_rule_based
160,당신의 품안에서 살아가도록 할게요.,"[14, 79, 7, 46, 72, 111, 160, 161, 162, 163]","[82.0, 82.0, 72.0, 72.0, 72.0, 72.0, 72.0, 72.0, 72.0, 72.0]",method1_keyword_rule_based
161,자동차 원자재가 비싸져서 차값도 덩달아 오르다.,"[163, 7, 46, 72, 111]","[77.0, 72.0, 72.0, 72.0, 72.0]",method1_keyword_rule_based
162,귀한 손님이니 섭섭지 않게 대접해야 한다.,"[53, 118, 13, 78, 52, 117]","[97.0, 97.0, 92.0, 92.0, 87.0, 87.0]",method1_keyword_rule_based
163,바닥에 기름기가 있다.,"[27, 92, 59, 124, 163, 132, 140, 142, 149]","[169.0, 169.0, 89.0, 89.0, 82.0, 74.0, 74.0, 74.0, 74.0]",method1_keyword_rule_based
164,그 역시 내가 이곳에 머물기를 바란다는 소리인 걸까?,"[160, 161, 162, 46, 111, 30, 95, 45, 110, 163, 7, 72, 13, 78, 21, 86, 24, 89, 39, 104, 149]","[137.0, 137.0, 137.0, 137.0, 137.0, 82.0, 82.0, 82.0, 82.0, 82.0, 82.0, 82.0, 82.0, 82.0, 82.0, 82.0, 82.0, 82.0, 82.0, 82.0, 74.0]",method1_keyword_rule_based
165,각자의 답을 정답과 맞춰 볼 것.,"[163, 10, 75, 53, 118, 59, 124, 141]","[82.0, 77.0, 77.0, 77.0, 77.0, 72.0, 72.0, 72.0]",method1_keyword_rule_based
166,이거는 먼지 털이인데요.,"[24, 89, 31, 96, 160, 163, 6, 71, 14, 79, 16, 81, 161, 162]","[82.0, 82.0, 82.0, 82.0, 82.0, 82.0, 77.0, 77.0, 77.0, 77.0, 77.0, 77.0, 72.0, 72.0]",method1_keyword_rule_based
167,낫또가 발효되어 점액질의 실이 끈적끈적 늘어지다.,"[28, 93, 163, 160, 140]","[169.0, 169.0, 82.0, 82.0, 74.0]",method1_keyword_rule_based
168,안 돼!,"[7, 72, 14, 79, 39, 104, 12, 77, 13, 78, 19, 84]","[82.0, 82.0, 82.0, 82.0, 82.0, 82.0, 77.0, 77.0, 77.0, 77.0, 77.0, 77.0]",method1_keyword_rule_based
169,아침으로 스크램블에그를 먹고 왔다.,"[27, 92, 160, 161, 162, 163]","[169.0, 169.0, 82.0, 82.0, 82.0, 82.0]",method1_keyword_rule_based
170,집 앞 마트는 매달 두째 주 일요일이 휴무일이다.,"[13, 78, 26, 91, 42, 107, 63, 128, 39, 104, 160, 161, 162, 163]","[82.0, 82.0, 82.0, 82.0, 82.0, 82.0, 82.0, 82.0, 82.0, 82.0, 82.0, 82.0, 82.0, 82.0]",method1_keyword_rule_based
171,꼭 멸망 직전 같은 날씨다.,"[14, 79, 7, 72, 10, 75, 13, 78]","[77.0, 77.0, 72.0, 72.0, 72.0, 72.0, 72.0, 72.0]",method1_keyword_rule_based
172,인간(100)- 남자(1001)- 아버지(10011),"[39, 104, 149, 15, 30, 80, 95, 163, 160, 161, 162]","[101.0, 101.0, 91.0, 82.0, 82.0, 82.0, 82.0, 82.0, 77.0, 77.0, 77.0]",method1_keyword_rule_based
173,남원에 가면 광한루는 봐야지.,"[24, 89, 46, 111, 163, 149]","[171.0, 171.0, 82.0, 82.0, 82.0, 74.0]",method1_keyword_rule_based
174,원하시는 일들 모두 이뤄지길 바랍니다.,"[163, 5, 70, 24, 89, 30, 95, 42, 107, 56, 121, 142, 149, 152, 154, 160]","[82.0, 82.0, 82.0, 82.0, 82.0, 82.0, 82.0, 82.0, 82.0, 82.0, 82.0, 74.0, 74.0, 74.0, 74.0, 72.0]",method1_keyword_rule_based
175,태조의 두터운 신임을 받았던 대경 대사의 업적을 새겨 놓은 탑비예요.,"[163, 14, 79]","[82.0, 82.0, 82.0]",method1_keyword_rule_based
176,하노라고 했는데 네 마음에 들지 모르겠다.,"[163, 7, 8, 72, 73, 59, 124, 18, 83, 141, 145]","[137.0, 137.0, 137.0, 137.0, 137.0, 89.0, 89.0, 82.0, 82.0, 82.0, 82.0]",method1_keyword_rule_based
177,"야. 그러면 돼, 안 돼?","[14, 79, 7, 72, 39, 104, 19, 84, 12, 77, 13, 78]","[82.0, 82.0, 82.0, 82.0, 82.0, 82.0, 77.0, 77.0, 77.0, 77.0, 77.0, 77.0]",method1_keyword_rule_based
178,미술관에 가면 전시 팜플릿이 있다.,"[163, 46, 111, 160, 149]","[82.0, 82.0, 82.0, 82.0, 74.0]",method1_keyword_rule_based
179,숙제 해야지. 우리.,"[13, 78, 140, 145, 148, 163, 160, 23, 88, 161, 162, 14, 46, 79, 111]","[99.0, 99.0, 89.0, 89.0, 89.0, 82.0, 82.0, 82.0, 82.0, 82.0, 82.0, 77.0, 77.0, 77.0, 77.0]",method1_keyword_rule_based
180,100m,[],[],method1_keyword_rule_based
181,박달나무 품에 안겨 담쟁이덩굴은 눈을 뜬다.,"[10, 75, 63, 128, 4, 69, 163, 46, 111, 156]","[173.0, 173.0, 82.0, 82.0, 72.0, 72.0, 72.0, 72.0, 72.0, 72.0]",method1_keyword_rule_based
182,구독을 신청하면 달달이 잡지를 보내준다.,"[7, 72, 62, 127, 163, 14, 79, 149]","[94.0, 94.0, 94.0, 94.0, 82.0, 82.0, 82.0, 74.0]",method1_keyword_rule_based
183,그 동안 잘 지내셨어요?,"[160, 161, 162, 30, 95, 45, 110, 152, 25, 90, 41, 106, 58, 123, 59, 124]","[137.0, 137.0, 137.0, 82.0, 82.0, 82.0, 82.0, 74.0, 72.0, 72.0, 72.0, 72.0, 72.0, 72.0, 72.0, 72.0]",method1_keyword_rule_based
184,훌륭한 리더가 되고 싶다.,"[23, 88, 163, 145]","[82.0, 82.0, 82.0, 76.0]",method1_keyword_rule_based
185,숫병아리는 쓸모가 없다는 이유로 버려진다.,"[19, 84, 163, 5, 70, 23, 88, 160, 161, 162]","[101.0, 101.0, 82.0, 82.0, 82.0, 77.0, 77.0, 77.0, 77.0, 77.0]",method1_keyword_rule_based
186,2023년 3월 2일.,[],[],method1_keyword_rule_based
187,산꼭대기에 루각이 하나 보인다.,"[24, 89, 14, 79, 163, 46, 111]","[169.0, 169.0, 109.0, 109.0, 82.0, 82.0, 82.0]",method1_keyword_rule_based
188,희진이는 우리 반에서 독서왕이다.,"[13, 78, 140, 145, 148, 160, 161, 162, 163, 23, 88, 10, 75, 37, 102, 53, 118]","[99.0, 99.0, 89.0, 89.0, 89.0, 82.0, 82.0, 82.0, 82.0, 82.0, 82.0, 77.0, 77.0, 77.0, 77.0, 77.0, 77.0]",method1_keyword_rule_based
189,"부산의 자치구: 중구, 서구, 동구, 영도구, 부산진구, …","[163, 160]","[82.0, 77.0]",method1_keyword_rule_based
190,남존여비는 구닥다리 사상에 불과하다.,"[22, 87, 163, 25, 90, 10, 75]","[94.0, 94.0, 82.0, 82.0, 82.0, 72.0, 72.0]",method1_keyword_rule_based
191,얘는 어디로 갔는지 콧배기도 안 보인다.,"[131, 160, 163, 145, 152]","[89.0, 82.0, 77.0, 74.0, 74.0]",method1_keyword_rule_based
192,한 눈에 봐도 글씨가 잘 보인다.,"[10, 75, 47, 112, 163, 23, 88, 24, 89, 133, 14, 79, 2, 67, 5, 70, 22, 87]","[82.0, 82.0, 82.0, 82.0, 82.0, 77.0, 77.0, 77.0, 77.0, 77.0, 77.0, 77.0, 77.0, 77.0, 72.0, 72.0, 72.0, 72.0]",method1_keyword_rule_based
193,"그렇다면 디저트가 빵과 아이스크림, 슬러시 따위를 포괄하는 단어가 될 수 있나요?","[52, 117, 160, 161, 162, 163]","[101.0, 101.0, 77.0, 77.0, 77.0, 72.0]",method1_keyword_rule_based
194,다 같이 있을 거야.,"[142, 149]","[74.0, 74.0]",method1_keyword_rule_based
195,"이번 행사 불참자(박성진(인천), 이서화(부산))에게는 추후 자료집을 우편으로 보내기로 했습니다.","[142, 144, 153, 160, 161, 162, 163]","[89.0, 89.0, 89.0, 82.0, 82.0, 82.0, 82.0]",method1_keyword_rule_based
196,총비용에서 비료값은 제했다.,"[14, 79, 163, 26, 91, 42, 107, 59, 124, 22, 87]","[89.0, 89.0, 82.0, 82.0, 82.0, 82.0, 82.0, 74.0, 74.0, 74.0, 74.0]",method1_keyword_rule_based
197,연인[戀人]에는 '서로 연애하는 관계에 있는 두 사람'이라는 뜻이 포함되어 있습니다.,"[7, 46, 72, 111, 163, 160, 140, 146]","[82.0, 82.0, 82.0, 82.0, 82.0, 82.0, 74.0, 74.0]",method1_keyword_rule_based
198,다시 만날 때까지 잘 지내.,"[13, 78, 149, 160, 163, 45, 110, 14, 79, 56, 121, 137]","[89.0, 89.0, 89.0, 82.0, 82.0, 82.0, 82.0, 82.0, 82.0, 82.0, 82.0, 74.0]",method1_keyword_rule_based
199,분명 여기 있었는데 온데 간데 없이 사라졌다.,"[53, 118, 30, 95, 163, 149, 39, 104, 145]","[99.0, 99.0, 82.0, 82.0, 82.0, 74.0, 74.0, 74.0, 74.0]",method1_keyword_rule_based
200,쓸데없는 걱정할 시간에 잠이나 자.,"[39, 104, 61, 126, 155, 163, 33, 98, 59, 124]","[77.0, 77.0, 77.0, 77.0, 74.0, 72.0, 72.0, 72.0, 72.0, 72.0]",method1_keyword_rule_based
201,초팔일은 부처님 오신날을 달리 이르는 말이다.,"[163, 54, 119, 10, 75, 20, 85, 13, 78, 133]","[137.0, 89.0, 89.0, 82.0, 82.0, 82.0, 82.0, 72.0, 72.0, 72.0]",method1_keyword_rule_based
202,오늘은 휴일이 아니에요.,"[160, 161, 162, 163, 149]","[82.0, 82.0, 82.0, 82.0, 74.0]",method1_keyword_rule_based
203,측정 가능한가요?,"[46, 111, 163]","[72.0, 72.0, 72.0]",method1_keyword_rule_based
204,얇다른 빙판 위에서 스케이트를 타기가 영 불안했다.,"[28, 93, 163]","[82.0, 82.0, 82.0]",method1_keyword_rule_based
205,우정마을 행복학습관은 아파트 내 경노당을 학습관으로 재단장하여 주민들과 사할린 동포 어르신들과 함께 평생교육을 할 예정이다.,"[42, 107, 160, 161, 162, 163]","[94.0, 94.0, 82.0, 82.0, 82.0, 82.0]",method1_keyword_rule_based
206,네가 말도 못하게 미웠어.,"[7, 8, 72, 73, 163, 52, 117, 18, 83, 141, 145, 10, 75, 13, 78, 14, 79, 17, 82]","[137.0, 137.0, 137.0, 137.0, 137.0, 94.0, 94.0, 82.0, 82.0, 82.0, 82.0, 82.0, 82.0, 82.0, 82.0, 82.0, 82.0, 82.0, 82.0]",method1_keyword_rule_based
207,들었던 대로 정말 크긴 크다.,"[54, 119, 163, 7, 72, 58, 123, 141, 149]","[89.0, 89.0, 82.0, 77.0, 77.0, 74.0, 74.0, 74.0, 74.0]",method1_keyword_rule_based
208,계속 흘끔대는 게 굉장히 신경 쓰인다.,"[163, 13, 78, 14, 79, 45, 110, 63, 128]","[137.0, 82.0, 82.0, 82.0, 82.0, 82.0, 82.0, 82.0, 82.0]",method1_keyword_rule_based
209,이 조례에 대하여 찬성하시는 의원님 계십니까?,"[160, 161, 162, 163, 5, 70, 14, 79]","[137.0, 137.0, 137.0, 137.0, 82.0, 82.0, 82.0, 82.0]",method1_keyword_rule_based
210,음식점과 의류 회사의 컬래버레이션,"[22, 87, 163]","[89.0, 89.0, 82.0]",method1_keyword_rule_based
211,그의 열두째 생일이 곧 다가온다.,"[160, 161, 162, 30, 95, 45, 110, 14, 79, 34, 99, 149]","[137.0, 137.0, 137.0, 82.0, 82.0, 82.0, 82.0, 82.0, 82.0, 77.0, 77.0, 72.0]",method1_keyword_rule_based
212,저기 커피숍이 새로 생겼다고 해요.,"[163, 30, 95, 142]","[82.0, 77.0, 77.0, 74.0]",method1_keyword_rule_based
213,놀고 있어~,"[27, 92, 6, 71, 163, 160]","[169.0, 169.0, 82.0, 82.0, 82.0, 82.0]",method1_keyword_rule_based
214,화이트데이에는 사탕을 준다든데.,"[13, 78, 163, 7, 72, 160, 161, 162]","[99.0, 99.0, 82.0, 77.0, 77.0, 72.0, 72.0, 72.0]",method1_keyword_rule_based
215,이 공장은 설립된 지 10년도 넘었다.,"[160, 161, 162, 163, 5, 70, 14, 79]","[137.0, 137.0, 137.0, 137.0, 82.0, 82.0, 82.0, 82.0]",method1_keyword_rule_based
216,옷걸이가 좋으니 대충 입어도 예뻐 보인다.,"[27, 92, 14, 79, 13, 78, 59, 124, 2, 39, 67, 104, 26, 91, 160, 161, 163]","[171.0, 171.0, 99.0, 99.0, 99.0, 99.0, 89.0, 89.0, 82.0, 82.0, 82.0, 82.0, 82.0, 82.0, 77.0, 77.0, 77.0]",method1_keyword_rule_based
217,어서 돌아가렴. 여긴 네가 있을 곳이 아니란다.,"[28, 93, 18, 83, 46, 111, 163, 160, 161, 162]","[99.0, 99.0, 72.0, 72.0, 72.0, 72.0, 72.0, 72.0, 72.0, 72.0]",method1_keyword_rule_based
218,발표자를 맡으려면 말을 잘하던지 해야지.,"[163, 10, 75, 13, 78, 14, 79, 17, 82, 160]","[82.0, 82.0, 82.0, 82.0, 82.0, 82.0, 82.0, 82.0, 82.0, 72.0]",method1_keyword_rule_based
219,"스포츠에서는 협동 정신, 즉 서로 마음과 힘을 하나로 합하는 것이 필요하다.","[14, 79, 160, 161, 162, 163, 149, 148]","[82.0, 82.0, 77.0, 77.0, 77.0, 77.0, 74.0, 74.0]",method1_keyword_rule_based
220,2022. 1. 3. ~ 2022. 3. 5.,[],[],method1_keyword_rule_based
221,내가 온 그 다음 주에 진수가 왔다.,"[46, 111, 160, 161, 162, 7, 72, 13, 78, 21, 86, 24, 89, 39, 104, 0, 65, 4, 69, 30, 95, 45, 110, 149]","[137.0, 137.0, 137.0, 137.0, 137.0, 82.0, 82.0, 82.0, 82.0, 82.0, 82.0, 82.0, 82.0, 82.0, 82.0, 82.0, 82.0, 82.0, 82.0, 82.0, 82.0, 82.0, 82.0, 72.0]",method1_keyword_rule_based
222,이번 추석 연휴(9. 16.(월)~9. 18.(수))에는 기숙사가 휴관합니다.,"[142, 144, 153, 160, 161, 162, 163, 7, 72]","[89.0, 89.0, 89.0, 82.0, 82.0, 82.0, 82.0, 82.0, 82.0]",method1_keyword_rule_based
223,논문 등재시 저작권료가 지급됩니다.,"[30, 95, 13, 78, 160, 163]","[82.0, 82.0, 82.0, 82.0, 82.0, 82.0]",method1_keyword_rule_based
224,김치의 수출 그래프가 상승하고 있는 것을 보아 하니 해외에서도 한국 식품에 관심을 가지게 된 것 같습니다.,"[168, 4, 69, 160, 163, 161, 162, 59, 124]","[91.0, 82.0, 82.0, 82.0, 82.0, 77.0, 77.0, 74.0, 74.0]",method1_keyword_rule_based
225,"뒤에 절이 오니, 3.1절로 해야 하나요?","[64, 129, 3, 68, 160, 161, 163, 162, 5, 70, 56, 121, 13, 78, 36, 101]","[169.0, 169.0, 82.0, 82.0, 82.0, 82.0, 82.0, 82.0, 77.0, 77.0, 77.0, 77.0, 77.0, 77.0, 72.0, 72.0]",method1_keyword_rule_based
226,하루빨리 강의를 들을 걸.,"[7, 72, 14, 79, 30, 95, 31, 96, 149, 155]","[82.0, 82.0, 82.0, 82.0, 82.0, 82.0, 82.0, 82.0, 74.0, 74.0]",method1_keyword_rule_based
227,여기 사인 좀 해 주시겠어요?,"[163, 14, 79, 39, 104, 145, 149, 136, 150]","[82.0, 82.0, 82.0, 74.0, 74.0, 74.0, 74.0, 72.0, 72.0]",method1_keyword_rule_based
228,수강아지가 한 마리 더 있었으면 좋겠다.,"[19, 84, 14, 79, 133, 163, 23, 88, 160, 161, 162, 24, 89, 5, 70, 22, 87]","[101.0, 101.0, 96.0, 96.0, 89.0, 82.0, 82.0, 82.0, 77.0, 77.0, 77.0, 77.0, 77.0, 72.0, 72.0, 72.0, 72.0]",method1_keyword_rule_based
229,보타이를 하다.,"[30, 95, 5, 70, 38, 103, 52, 117, 46, 111, 163, 160, 161, 162]","[169.0, 169.0, 99.0, 99.0, 99.0, 99.0, 99.0, 99.0, 77.0, 77.0, 77.0, 77.0, 77.0, 77.0]",method1_keyword_rule_based
230,댑싸리에 꽃이 폈다.,"[7, 72, 30, 46, 95, 111, 43, 108, 163, 26, 91, 131, 39, 104, 23, 88]","[171.0, 171.0, 169.0, 169.0, 169.0, 169.0, 91.0, 91.0, 82.0, 82.0, 82.0, 82.0, 82.0, 82.0, 77.0, 77.0]",method1_keyword_rule_based
231,그때는 공무원 시험을 보려고 공부를 했었었다.,"[160, 161, 162, 163, 4, 69, 144]","[82.0, 82.0, 82.0, 82.0, 77.0, 77.0, 74.0]",method1_keyword_rule_based
232,형제끼리 싸우면 안 되지.,"[31, 96, 163, 23, 88, 160, 161, 162]","[99.0, 99.0, 82.0, 82.0, 82.0, 77.0, 77.0, 77.0]",method1_keyword_rule_based
233,그때 그 사람 병원에서 일한다고 했든가?,"[160, 161, 162, 148, 30, 95, 45, 110, 163, 58, 123, 59, 124, 145, 152]","[137.0, 137.0, 137.0, 89.0, 82.0, 82.0, 82.0, 82.0, 82.0, 74.0, 74.0, 74.0, 74.0, 74.0, 74.0]",method1_keyword_rule_based
234,담벼락의 낙서가 지워 졌다.,"[7, 46, 72, 111, 160, 163]","[82.0, 82.0, 82.0, 82.0, 82.0, 82.0]",method1_keyword_rule_based
235,그는 갓 태어난 병아리 중 암병아리만 골라 냈다.,"[160, 161, 162, 30, 95, 45, 110, 17, 82, 10, 75]","[137.0, 137.0, 137.0, 82.0, 82.0, 82.0, 82.0, 82.0, 82.0, 77.0, 77.0]",method1_keyword_rule_based
236,이 사탕은 딸기 맛이 난다.,"[160, 161, 162, 163, 13, 78, 5, 70, 14, 79]","[137.0, 137.0, 137.0, 137.0, 99.0, 99.0, 82.0, 82.0, 82.0, 82.0]",method1_keyword_rule_based
237,이상한 핑게 대지 마.,"[160, 163, 63, 128, 161, 162, 168]","[82.0, 82.0, 82.0, 82.0, 77.0, 77.0, 72.0]",method1_keyword_rule_based
238,남자친구하고 얼마나 만났어요?,"[58, 123, 163, 46, 111, 145, 160]","[91.0, 91.0, 77.0, 77.0, 77.0, 76.0, 72.0]",method1_keyword_rule_based
239,이제는 김 선생님 쪽 하고만 이야기하면 된다.,"[4, 69, 14, 79, 149, 160, 161, 162, 163, 141, 59, 124, 138, 144, 146, 150]","[137.0, 137.0, 99.0, 99.0, 91.0, 82.0, 82.0, 82.0, 82.0, 76.0, 72.0, 72.0, 72.0, 72.0, 72.0, 72.0]",method1_keyword_rule_based
240,"엄마는 늘 '내가 해라, 저가 해라' 시킨다.","[46, 111, 5, 70, 163, 14, 79, 7, 72, 13, 78, 21, 86, 24, 89, 39, 104, 42, 107, 156, 27, 92, 40, 105, 59, 124]","[137.0, 137.0, 82.0, 82.0, 82.0, 82.0, 82.0, 82.0, 82.0, 82.0, 82.0, 82.0, 82.0, 82.0, 82.0, 82.0, 82.0, 77.0, 77.0, 74.0, 72.0, 72.0, 72.0, 72.0, 72.0, 72.0]",method1_keyword_rule_based
241,그 사람이 잠시 머물었던 곳이 바로 여기이다.,"[160, 161, 162, 148, 30, 95, 45, 110, 163, 58, 123, 59, 124, 145, 152, 149]","[137.0, 137.0, 137.0, 89.0, 82.0, 82.0, 82.0, 82.0, 82.0, 74.0, 74.0, 74.0, 74.0, 74.0, 74.0, 74.0]",method1_keyword_rule_based
242,2개 이상에 해당할 경우 사후 관리 대상으로 한다.,"[46, 111, 4, 69, 5, 70, 19, 84, 23, 88, 28, 93, 31, 96, 32, 97, 33, 98, 160, 161, 162, 163, 14, 79]","[137.0, 137.0, 82.0, 82.0, 82.0, 82.0, 82.0, 82.0, 82.0, 82.0, 82.0, 82.0, 82.0, 82.0, 82.0, 82.0, 82.0, 82.0, 82.0, 82.0, 82.0, 82.0, 82.0, 82.0]",method1_keyword_rule_based
243,바디로션을 발랐다.,[163],[82.0],method1_keyword_rule_based
244,끝없는 싸움이야. 영희야.,[140],[74.0],method1_keyword_rule_based
245,부모님 돌아가심에 통곡지 않을 자 있으랴.,"[27, 92, 28, 93, 23, 88, 53, 118, 5, 70, 163, 18, 83, 46, 111, 160, 161, 162, 13, 78, 14, 79, 145]","[101.0, 101.0, 99.0, 99.0, 82.0, 82.0, 82.0, 82.0, 77.0, 77.0, 77.0, 77.0, 77.0, 77.0, 77.0, 77.0, 77.0, 77.0, 77.0, 77.0, 77.0, 77.0, 76.0]",method1_keyword_rule_based
246,남편이 손으로 가리킨 옷은 옆이 살짝 트인 스커트이다.,"[17, 82, 14, 79, 26, 91, 23, 88, 163, 46, 111]","[99.0, 99.0, 82.0, 82.0, 82.0, 82.0, 77.0, 77.0, 77.0, 77.0, 77.0]",method1_keyword_rule_based
247,우리는 자랑스러운 우리나라의 명예를 위해 최선을 다할 것을 다짐했다.,"[13, 78, 148, 140, 145, 23, 88, 163, 160, 161, 162, 147, 46, 111]","[99.0, 99.0, 93.0, 89.0, 89.0, 82.0, 82.0, 82.0, 82.0, 82.0, 82.0, 78.0, 72.0, 72.0]",method1_keyword_rule_based
248,언제든지 말해줄 수 있어요.,"[13, 78, 163, 10, 75, 14, 79, 17, 82, 46, 111, 145]","[99.0, 99.0, 82.0, 82.0, 82.0, 82.0, 82.0, 82.0, 82.0, 82.0, 82.0, 74.0]",method1_keyword_rule_based
249,"가위바위보를 4번 한 후, 각자 색칠한 칸 수를 곱셈으로 나타내고 계산한다.","[53, 118, 23, 88, 24, 89, 133, 46, 111, 163, 160, 36, 101, 5, 70, 14, 79, 22, 87]","[77.0, 77.0, 77.0, 77.0, 77.0, 77.0, 77.0, 72.0, 72.0, 72.0, 72.0, 72.0, 72.0, 72.0, 72.0, 72.0, 72.0, 72.0, 72.0]",method1_keyword_rule_based
250,"조금 뜬 기다란 눈, 짧고 넓적한 코에 입가에는 미소를 띤 온화한 인상이다.","[163, 14, 79]","[82.0, 82.0, 82.0]",method1_keyword_rule_based
251,뒤쪽 언덕배기(언덕빼기)에 장말손의 위패를 모시는 사당을 두었다.,"[13, 78, 56, 121, 14, 79, 7, 72]","[99.0, 99.0, 99.0, 99.0, 94.0, 94.0, 82.0, 82.0]",method1_keyword_rule_based
252,이럴 줄 알았으면 그때 끝낼걸.,"[160, 161, 162, 163, 14, 79, 42, 107, 2, 67, 11, 76]","[82.0, 82.0, 82.0, 82.0, 82.0, 82.0, 82.0, 82.0, 77.0, 77.0, 77.0, 77.0]",method1_keyword_rule_based
253,외적의 침입에 잘 대비토록 하시오.,"[160, 25, 90, 41, 106, 58, 123, 59, 124]","[82.0, 72.0, 72.0, 72.0, 72.0, 72.0, 72.0, 72.0, 72.0]",method1_keyword_rule_based
254,지금은 통화 못한다고 해서 문자를 보냈어.,"[145, 140, 141, 160, 163, 14, 79]","[99.0, 89.0, 89.0, 82.0, 82.0, 74.0, 74.0]",method1_keyword_rule_based
255,예상지 못한 상황에 모두들 당황하였다.,"[8, 73, 42, 107, 13, 78, 52, 117, 59, 124]","[82.0, 82.0, 77.0, 77.0, 72.0, 72.0, 72.0, 72.0, 72.0, 72.0]",method1_keyword_rule_based
256,하루 벌어 하루 먹고사는 그림쟁이일 뿐이다.,"[27, 92, 163, 160, 59, 124]","[94.0, 94.0, 82.0, 82.0, 74.0, 74.0]",method1_keyword_rule_based
257,그럼 나중에 봐요.,"[59, 124, 160, 161, 162, 46, 111, 163, 47, 112, 148]","[89.0, 89.0, 82.0, 82.0, 82.0, 82.0, 82.0, 82.0, 82.0, 82.0, 74.0]",method1_keyword_rule_based
258,이 문제는 고법(古法)인 <경제육전>과 모순되는 내용을 삭제하는 것으로 해결하였다.,"[160, 161, 162, 163, 5, 70, 14, 79, 59, 124]","[137.0, 137.0, 137.0, 137.0, 82.0, 82.0, 82.0, 82.0, 74.0, 74.0]",method1_keyword_rule_based
259,네가 내 입장이 돼 봐라.,"[7, 8, 72, 73, 163, 46, 111, 18, 83, 141, 145, 13, 78, 21, 86, 24, 89, 39, 104]","[137.0, 137.0, 137.0, 137.0, 137.0, 137.0, 137.0, 82.0, 82.0, 82.0, 82.0, 82.0, 82.0, 82.0, 82.0, 82.0, 82.0, 82.0, 82.0]",method1_keyword_rule_based
260,벽을 따라 담장덩굴이 촘촘하게도 자랐다.,"[30, 95, 5, 70, 13, 78, 21, 86, 14, 79, 163, 10, 75]","[169.0, 169.0, 137.0, 137.0, 94.0, 94.0, 89.0, 89.0, 82.0, 82.0, 82.0, 77.0, 77.0]",method1_keyword_rule_based
261,노고에 깊이 감사드립니다.,"[31, 96, 163, 160, 161, 162]","[169.0, 169.0, 82.0, 82.0, 82.0, 82.0]",method1_keyword_rule_based
262,바야흐로 한국 문화 대 부흥의 시기가 왔다.,"[22, 87, 139, 152, 142, 160, 163]","[89.0, 89.0, 89.0, 74.0, 74.0, 72.0, 72.0]",method1_keyword_rule_based
263,누나인 네가 참어라.,"[163, 7, 8, 72, 73, 46, 111, 18, 83, 141, 145, 160]","[137.0, 137.0, 137.0, 137.0, 137.0, 82.0, 82.0, 82.0, 82.0, 82.0, 82.0, 82.0]",method1_keyword_rule_based
264,티타임을 가졌다.,"[48, 113, 46, 111, 163]","[171.0, 171.0, 77.0, 77.0, 77.0]",method1_keyword_rule_based
265,아까 강의를 듣다 놀라서 멈췄는데 그 교수님이 '벼락치기'로만 하면 안 된다라고 하셨어.,"[30, 95, 39, 104, 160, 161, 162, 163]","[169.0, 169.0, 99.0, 99.0, 82.0, 82.0, 82.0, 82.0]",method1_keyword_rule_based
266,"욕을 하지를 않나, 발로 차지를 않나?","[163, 46, 111, 160, 14, 79]","[82.0, 82.0, 82.0, 77.0, 72.0, 72.0]",method1_keyword_rule_based
267,햇님이 벌써 천에 떠 있다.,"[7, 72, 14, 79, 39, 104, 59, 124]","[82.0, 82.0, 82.0, 82.0, 82.0, 82.0, 74.0, 74.0]",method1_keyword_rule_based
268,암덩어리가 없어져야 할 텐데.,"[27, 92, 23, 88, 163, 160, 39, 104, 61, 126, 33, 98, 59, 124]","[94.0, 94.0, 77.0, 77.0, 77.0, 77.0, 77.0, 77.0, 77.0, 77.0, 72.0, 72.0, 72.0, 72.0]",method1_keyword_rule_based
269,그 학생은 엄청난 과학 광이다.,"[160, 161, 162, 30, 95, 45, 110, 14, 79, 5, 70, 145]","[137.0, 137.0, 137.0, 82.0, 82.0, 82.0, 82.0, 82.0, 82.0, 77.0, 77.0, 74.0]",method1_keyword_rule_based
270,5년 이란 시간은 길다면 길고 짧다면 짧다.,"[160, 161, 162, 163, 15, 30, 80, 95]","[82.0, 82.0, 82.0, 82.0, 82.0, 82.0, 82.0, 82.0]",method1_keyword_rule_based
271,놀기만 하니까 성적이 뚝 떨어지잖아.,"[6, 71, 163, 160, 161, 145]","[77.0, 77.0, 77.0, 77.0, 77.0, 74.0]",method1_keyword_rule_based
272,이렇게 멋진 일은 당장 알려 줘야지.,"[5, 70, 24, 89, 30, 95, 42, 107, 56, 121]","[82.0, 82.0, 82.0, 82.0, 82.0, 82.0, 82.0, 82.0, 82.0, 82.0]",method1_keyword_rule_based
273,좋은 하루 되세요.,"[163, 7, 46, 72, 111]","[82.0, 77.0, 77.0, 77.0, 77.0]",method1_keyword_rule_based
274,지난주 노동량이 많았던 탓인지 몸살에 걸리고 말았다.,"[45, 110, 160, 163, 7, 72]","[77.0, 77.0, 77.0, 77.0, 77.0, 77.0]",method1_keyword_rule_based
275,오늘 밥이 잘 됐다.,"[160, 161, 162, 163, 42, 107, 10, 75, 11, 76, 149, 25, 90, 41, 106, 58, 123, 59, 124]","[82.0, 82.0, 82.0, 82.0, 82.0, 82.0, 77.0, 77.0, 77.0, 77.0, 74.0, 72.0, 72.0, 72.0, 72.0, 72.0, 72.0, 72.0, 72.0]",method1_keyword_rule_based
276,"성탄절 런던도, 눈 오는 사포로도 내 처음을 함께하는 거야.","[7, 72, 10, 75, 2, 67, 14, 79]","[82.0, 82.0, 82.0, 82.0, 77.0, 77.0, 77.0, 77.0]",method1_keyword_rule_based
277,어제 올라온 컨텐츠 기획안 보셨나요?,"[14, 79, 30, 95, 44, 109, 160, 163]","[169.0, 169.0, 99.0, 99.0, 94.0, 94.0, 82.0, 82.0]",method1_keyword_rule_based
278,2023. 4. 17(월),"[17, 82, 24, 89, 54, 119, 59, 124]","[77.0, 77.0, 77.0, 77.0, 77.0, 77.0, 72.0, 72.0]",method1_keyword_rule_based
279,뭐부터 먹어 볼까?,"[27, 92, 160, 58, 123, 132]","[169.0, 169.0, 82.0, 74.0, 74.0, 74.0]",method1_keyword_rule_based
280,무슨 말인지 한 번에 파악하지 못했다.,"[4, 69, 163, 10, 75, 13, 78, 14, 79, 17, 82, 23, 88, 24, 89, 133, 5, 70, 22, 87]","[82.0, 82.0, 82.0, 82.0, 82.0, 82.0, 82.0, 82.0, 82.0, 82.0, 82.0, 77.0, 77.0, 77.0, 77.0, 77.0, 72.0, 72.0, 72.0, 72.0]",method1_keyword_rule_based
281,단언컨대 오늘이 올 여름 가장 더운 날인 것 같다.,"[30, 95, 33, 98, 160, 161, 162, 163, 7, 55, 72, 120, 14, 79, 31, 96]","[82.0, 82.0, 82.0, 82.0, 77.0, 77.0, 77.0, 77.0, 77.0, 77.0, 77.0, 77.0, 77.0, 77.0, 77.0, 77.0]",method1_keyword_rule_based
282,사진 뒷면에 무언가가 쓰여 있다.,"[163, 0, 65, 14, 79, 30, 95, 4, 69, 46, 111, 155, 156]","[82.0, 82.0, 82.0, 77.0, 77.0, 77.0, 77.0, 77.0, 77.0, 77.0, 77.0, 74.0, 74.0]",method1_keyword_rule_based
283,디지털 시대는 정보의 정확성이 중요하다.,"[160, 163, 14, 79, 142, 145]","[82.0, 82.0, 79.0, 79.0, 74.0, 74.0]",method1_keyword_rule_based
284,빨리빨리 해.,"[14, 46, 79, 111, 7, 72]","[137.0, 137.0, 137.0, 137.0, 82.0, 82.0]",method1_keyword_rule_based
285,표준 저항기는 다른 저항기의 비교 기준을 위한 표준으로 사용된다.,[163],[82.0],method1_keyword_rule_based
286,산타 할아버지께 편지 써야지.,"[39, 104, 14, 79, 155, 46, 111, 163, 160, 148, 161, 162]","[173.0, 173.0, 99.0, 99.0, 89.0, 82.0, 82.0, 82.0, 82.0, 78.0, 72.0, 72.0]",method1_keyword_rule_based
287,그는 그 소식을 듣고도 탄식지 않았다.,"[160, 161, 162, 14, 79, 30, 95, 45, 110, 8, 73, 163]","[137.0, 137.0, 137.0, 94.0, 94.0, 82.0, 82.0, 82.0, 82.0, 82.0, 82.0, 82.0]",method1_keyword_rule_based
288,"국립국어원 관계자님, 이런 서비스를 제공해주셔서 감사합니다.","[137, 160, 163, 161, 162]","[89.0, 82.0, 82.0, 82.0, 82.0]",method1_keyword_rule_based
289,저는 뭔 일이 났구나. 하고 생각했어요.,"[28, 93, 163, 14, 79, 17, 82, 37, 53, 102, 118, 44, 109, 52, 117, 46, 111, 141, 151, 152]","[82.0, 82.0, 82.0, 77.0, 77.0, 77.0, 77.0, 77.0, 77.0, 77.0, 77.0, 77.0, 77.0, 77.0, 77.0, 77.0, 77.0, 76.0, 74.0, 74.0]",method1_keyword_rule_based
290,그 치는 속아지가 영 불퉁스럽다.,"[160, 161, 162, 19, 84, 21, 86, 14, 79, 30, 95, 45, 110, 163, 59, 124]","[137.0, 137.0, 137.0, 94.0, 94.0, 94.0, 94.0, 89.0, 89.0, 82.0, 82.0, 82.0, 82.0, 82.0, 74.0, 74.0]",method1_keyword_rule_based
291,합병을 위한 물밑 작업에 들어갔다.,"[160, 2, 67]","[137.0, 82.0, 82.0]",method1_keyword_rule_based
292,지진이 해일을 일으켰다.,"[46, 111, 160, 163, 14, 79]","[94.0, 94.0, 82.0, 82.0, 82.0, 82.0]",method1_keyword_rule_based
293,"첫째, 일찍 자고 일찍 일어난다.","[37, 102, 149, 62, 127, 163]","[99.0, 99.0, 89.0, 82.0, 82.0, 82.0]",method1_keyword_rule_based
294,화려한 블라우스는 단순한 하의와 잘 어울린다.,"[160, 161, 162, 163]","[72.0, 72.0, 72.0, 72.0]",method1_keyword_rule_based
295,해당 조각은 다른 곳에서는 그 유래를 찾아볼 수 없는 희귀한 것이어서 매우 주목된다.,"[42, 107, 14, 46, 79, 111, 163]","[99.0, 99.0, 82.0, 82.0, 82.0, 82.0, 82.0]",method1_keyword_rule_based
296,"일(자녀 교육, 성장, 글로벌 환경(일본, 이스라엘, 독일 등))","[5, 70, 24, 89, 30, 95, 42, 107, 56, 121, 163, 142]","[82.0, 82.0, 82.0, 82.0, 82.0, 82.0, 82.0, 82.0, 82.0, 82.0, 82.0, 74.0]",method1_keyword_rule_based
297,하니 바람이 불고 있다.,"[2, 67, 14, 79, 64, 129, 13, 78, 160, 161, 163, 30, 95, 6, 71, 15, 80, 22, 87, 42, 107]","[99.0, 99.0, 99.0, 99.0, 94.0, 94.0, 94.0, 94.0, 82.0, 82.0, 82.0, 82.0, 82.0, 77.0, 77.0, 77.0, 77.0, 77.0, 77.0, 77.0, 77.0]",method1_keyword_rule_based
298,아마 민서가 세윤이보다 학교에 먼저 올 걸요.,"[160, 161, 162, 163, 7, 46, 72, 111, 11, 76, 164, 142]","[82.0, 82.0, 82.0, 82.0, 82.0, 82.0, 82.0, 82.0, 82.0, 82.0, 74.0, 72.0]",method1_keyword_rule_based
299,손을 잡아줄께요.,"[26, 91, 160, 161, 162, 163]","[82.0, 82.0, 72.0, 72.0, 72.0, 72.0]",method1_keyword_rule_based
300,가디건,"[46, 111, 163]","[77.0, 77.0, 77.0]",method1_keyword_rule_based
301,두 사람의 손은 그들 사이의 거리를 보여 주듯 닿을락말락한 상태였다.,"[148, 9, 74, 13, 78, 18, 83, 47, 112, 163, 26, 91, 10, 75, 14, 79, 58, 123, 59, 124, 145, 152]","[89.0, 82.0, 82.0, 82.0, 82.0, 82.0, 82.0, 82.0, 82.0, 82.0, 82.0, 82.0, 77.0, 77.0, 77.0, 77.0, 74.0, 74.0, 74.0, 74.0, 74.0, 74.0]",method1_keyword_rule_based
302,현재 입헌군주제를 채택하고 있는 나라로는 영국과 일본이 있겠다.,[163],[72.0],method1_keyword_rule_based
303,그 잡지는 월간지이다.,"[160, 161, 162, 30, 95, 45, 110, 163, 15, 80]","[137.0, 137.0, 137.0, 82.0, 82.0, 82.0, 82.0, 82.0, 77.0, 77.0]",method1_keyword_rule_based
304,내일은 해돋이를 보러 갈 계획이다.,"[61, 126, 24, 89, 46, 111, 163, 14, 79, 160, 161, 162, 149]","[171.0, 171.0, 169.0, 169.0, 82.0, 82.0, 82.0, 77.0, 77.0, 77.0, 77.0, 77.0, 74.0]",method1_keyword_rule_based
305,7월밖에 안 되었지만 벌써 이번 연도 목표를 달성했다.,"[13, 78, 7, 72, 14, 79, 39, 104, 12, 77, 59, 124, 160, 163]","[94.0, 94.0, 82.0, 82.0, 82.0, 82.0, 82.0, 82.0, 77.0, 77.0, 74.0, 74.0, 72.0, 72.0]",method1_keyword_rule_based
306,아무도 날 기억하지 못한다고 해도 괜찮아.,"[45, 110, 14, 79, 52, 117, 39, 104, 42, 107, 163]","[137.0, 137.0, 99.0, 99.0, 94.0, 94.0, 82.0, 82.0, 82.0, 82.0, 82.0]",method1_keyword_rule_based
307,그 사람은 호피무늬 상의를 입고 있었어요.,"[160, 161, 162, 148, 30, 95, 45, 110, 163, 58, 123, 59, 124, 145, 152]","[137.0, 137.0, 137.0, 89.0, 82.0, 82.0, 82.0, 82.0, 82.0, 74.0, 74.0, 74.0, 74.0, 74.0, 74.0]",method1_keyword_rule_based
308,그 문제는 찍어서 맞췄다.,"[160, 161, 162, 30, 95, 45, 110, 163, 7, 46, 72, 111, 59, 124]","[137.0, 137.0, 137.0, 82.0, 82.0, 82.0, 82.0, 82.0, 77.0, 77.0, 77.0, 77.0, 74.0, 74.0]",method1_keyword_rule_based
309,방 안은 숨소리가 들릴만큼 조용했다.,"[10, 75, 2, 67, 11, 76, 14, 79, 42, 107, 8, 73, 163, 23, 88]","[82.0, 82.0, 77.0, 77.0, 77.0, 77.0, 77.0, 77.0, 77.0, 77.0, 77.0, 77.0, 77.0, 77.0, 77.0]",method1_keyword_rule_based
310,이 집은 마당이 넓다랗다.,"[160, 161, 162, 163, 42, 107, 5, 70, 14, 79]","[137.0, 137.0, 137.0, 137.0, 99.0, 99.0, 82.0, 82.0, 82.0, 82.0]",method1_keyword_rule_based
311,요즘 들어 형의 행동이 눈에 띄게 달라졌다.,"[30, 95, 27, 92, 163, 160, 59, 124, 137]","[169.0, 169.0, 94.0, 94.0, 82.0, 82.0, 74.0, 74.0, 74.0]",method1_keyword_rule_based
312,녹록지 않은 상대를 만났다.,"[51, 116]","[89.0, 89.0]",method1_keyword_rule_based
313,곧바로 전화가 걸려 왔다.,[163],[77.0],method1_keyword_rule_based
314,내년에 뿌릴 씨앗은 뒤웅박에 담아 두었다.,"[22, 87, 46, 111]","[82.0, 82.0, 82.0, 82.0]",method1_keyword_rule_based
315,활주로에서뿐만 아니라 항공 모함에서도 날아오를 수 있다.,"[163, 160, 161, 162]","[77.0, 77.0, 77.0, 77.0]",method1_keyword_rule_based
316,대학에 가더니 아주 멋쟁이가 되어서 왔어.,"[13, 78, 22, 87, 139, 163, 160, 161, 162, 46, 111]","[169.0, 169.0, 89.0, 89.0, 89.0, 82.0, 82.0, 82.0, 82.0, 77.0, 77.0]",method1_keyword_rule_based
317,자주 가던 자기만의 스폿 같은 데 있잖아요.,"[31, 96, 37, 60, 102, 125, 13, 78, 35, 100, 58, 123, 163, 7, 72, 46, 111]","[169.0, 169.0, 99.0, 99.0, 99.0, 99.0, 94.0, 94.0, 94.0, 94.0, 89.0, 89.0, 82.0, 82.0, 82.0, 82.0, 82.0]",method1_keyword_rule_based
318,그것은 내가 읽었던 것과 같은 책이었다.,"[46, 111, 45, 110, 142, 14, 79, 160, 161, 162, 7, 72, 13, 78, 21, 86, 24, 89, 39, 104]","[137.0, 137.0, 99.0, 99.0, 89.0, 82.0, 82.0, 82.0, 82.0, 82.0, 82.0, 82.0, 82.0, 82.0, 82.0, 82.0, 82.0, 82.0, 82.0, 82.0]",method1_keyword_rule_based
319,아스팔트 위로 아지랑이가 피어올랐다.,"[21, 86, 160, 163, 161, 162]","[173.0, 173.0, 82.0, 82.0, 72.0, 72.0]",method1_keyword_rule_based
320,나는 열 여덟 살이다.,"[46, 111, 163, 26, 91, 7, 72, 13, 78, 14, 79, 21, 86, 23, 88, 28, 30, 93, 95]","[137.0, 137.0, 137.0, 99.0, 99.0, 82.0, 82.0, 82.0, 82.0, 82.0, 82.0, 82.0, 82.0, 82.0, 82.0, 82.0, 82.0, 82.0, 82.0]",method1_keyword_rule_based
321,혹시라도 아기가 깨질까 봐 조심이 옮겼다.,"[160, 163, 161, 162]","[82.0, 82.0, 82.0, 82.0]",method1_keyword_rule_based
322,무엇이 잘못되었는지 곰곰이 생각해 보았다.,"[45, 110, 52, 117, 4, 69, 163, 14, 79, 145, 149, 160]","[99.0, 99.0, 94.0, 94.0, 82.0, 82.0, 82.0, 82.0, 82.0, 74.0, 74.0, 72.0]",method1_keyword_rule_based
323,할머니는 꽃무늬 조끼를 입고 계셨다.,"[10, 75, 64, 129, 163, 26, 91, 131, 39, 104, 4, 69, 160, 161, 155]","[94.0, 94.0, 89.0, 89.0, 82.0, 82.0, 82.0, 82.0, 82.0, 82.0, 82.0, 82.0, 77.0, 77.0, 76.0]",method1_keyword_rule_based
324,인생은 성실로서 이루어지는 것이다.,"[14, 79, 163, 160, 161, 162]","[82.0, 82.0, 77.0, 72.0, 72.0, 72.0]",method1_keyword_rule_based
325,"이후""의 사전적 의미는 '기준이 되는 때를 포함하여 그보다 뒤.'로 되어 있습니다.","[160, 161, 162, 163, 23, 88, 64, 129, 14, 79, 53, 118]","[82.0, 82.0, 82.0, 82.0, 82.0, 82.0, 82.0, 82.0, 77.0, 77.0, 77.0, 77.0]",method1_keyword_rule_based
326,"오후 7시, 19분","[160, 161, 162, 163]","[82.0, 82.0, 82.0, 82.0]",method1_keyword_rule_based
327,그냥 제가 서 있을게요.,"[163, 7, 46, 72, 111, 22, 87, 160, 161, 162, 11, 76, 14, 79, 20, 85, 13, 78, 42, 107]","[137.0, 137.0, 137.0, 137.0, 137.0, 82.0, 82.0, 82.0, 82.0, 82.0, 82.0, 82.0, 82.0, 82.0, 82.0, 82.0, 77.0, 77.0, 77.0, 77.0]",method1_keyword_rule_based
328,영국 스트리트를 걸으면 영국 사람이 된 것 같은 기분이 든다.,"[160, 23, 88, 163, 161, 162]","[77.0, 72.0, 72.0, 72.0, 72.0, 72.0]",method1_keyword_rule_based
329,오늘도 열심히 운동해야지.,"[143, 160, 161, 162, 163, 14, 46, 79, 111, 149]","[89.0, 82.0, 82.0, 82.0, 82.0, 77.0, 77.0, 77.0, 77.0, 74.0]",method1_keyword_rule_based
330,그 나무는 여름쯤에 잎이 초록색으로 변해요.,"[160, 161, 162, 13, 78, 0, 65, 1, 66, 9, 74, 10, 75, 149, 30, 95, 45, 110, 147]","[137.0, 137.0, 137.0, 99.0, 99.0, 94.0, 94.0, 94.0, 94.0, 94.0, 94.0, 94.0, 94.0, 89.0, 82.0, 82.0, 82.0, 82.0, 74.0]",method1_keyword_rule_based
331,와편 담장은 수막새와 암막새를 반복하여 장식한 흙담이다.,"[163, 14, 79, 21, 86, 23, 88, 30, 95, 19, 84, 52, 117, 53, 118]","[137.0, 137.0, 137.0, 89.0, 89.0, 82.0, 82.0, 82.0, 82.0, 77.0, 77.0, 77.0, 77.0, 77.0, 77.0]",method1_keyword_rule_based
332,오랜만에 바깥 공기를 쐐였다.,"[32, 97, 14, 79, 13, 78, 26, 91, 163]","[169.0, 169.0, 99.0, 99.0, 82.0, 82.0, 82.0, 82.0, 82.0]",method1_keyword_rule_based
333,이번에 바뀐 업무 진행 순서도 일하는 방식의 하나로서 좋은 것 같습니다.,"[142, 144, 153, 160, 161, 162, 163, 4, 69]","[89.0, 89.0, 89.0, 82.0, 82.0, 82.0, 82.0, 82.0, 82.0]",method1_keyword_rule_based
334,슈퍼마켓,"[30, 95, 160, 163]","[72.0, 72.0, 72.0, 72.0]",method1_keyword_rule_based
335,이 사람들은 제 친구들이예요.,"[160, 161, 162, 163, 148, 5, 70, 14, 79, 11, 76, 13, 78, 42, 107, 58, 123, 59, 124, 145, 152]","[137.0, 137.0, 137.0, 137.0, 89.0, 82.0, 82.0, 82.0, 82.0, 82.0, 82.0, 77.0, 77.0, 77.0, 77.0, 74.0, 74.0, 74.0, 74.0, 74.0, 74.0]",method1_keyword_rule_based
336,무릎을 꿇은 채 다급히 외쳤다.,"[4, 69, 163, 2, 67, 23, 88, 13, 78, 133, 138]","[82.0, 82.0, 82.0, 82.0, 82.0, 82.0, 82.0, 72.0, 72.0, 72.0, 72.0]",method1_keyword_rule_based
337,내 딱지로 친구의 딱지를 맞춰서 뒤집었다.,"[60, 125, 46, 111, 14, 79, 7, 72, 13, 78, 21, 86, 24, 89, 39, 104, 160, 163]","[169.0, 169.0, 137.0, 137.0, 99.0, 99.0, 82.0, 82.0, 82.0, 82.0, 82.0, 82.0, 82.0, 82.0, 82.0, 82.0, 82.0, 82.0]",method1_keyword_rule_based
338,안개가 거친 마을은 덜 을씨년스러웠다.,"[42, 107, 46, 111, 163]","[94.0, 94.0, 82.0, 82.0, 82.0]",method1_keyword_rule_based
339,2023. 4. 14. ~ 4. 28.,[],[],method1_keyword_rule_based
340,페어플레이를 했다.,"[46, 111, 163, 59, 124, 160, 161, 162]","[169.0, 169.0, 82.0, 74.0, 74.0, 72.0, 72.0, 72.0]",method1_keyword_rule_based
341,동물성 단백질,[],[],method1_keyword_rule_based
342,특히 잠을 자는 동안에는 세균의 활동이 활발해지기 때문에 잠자기 전에 반듯이 칫솔질을 합니다.,"[14, 79, 163, 7, 72, 145, 152, 13, 78]","[82.0, 82.0, 82.0, 77.0, 77.0, 74.0, 74.0, 72.0, 72.0]",method1_keyword_rule_based
343,2022. 1. 2. ~ 2022. 1. 3.,[],[],method1_keyword_rule_based
344,셰이커에 담긴 음료가 쏟아진다.,"[163, 30, 95, 160, 161, 162]","[82.0, 77.0, 77.0, 77.0, 77.0, 77.0]",method1_keyword_rule_based
345,비행기 좌석 중 퍼스트 클래스에 앉는 것이 소원이다.,"[7, 72, 14, 79, 31, 96, 163, 2, 67]","[82.0, 82.0, 82.0, 82.0, 82.0, 82.0, 77.0, 77.0, 77.0]",method1_keyword_rule_based
346,입사 연도가 서류에 적힌 것과 다릅니다.,"[163, 7, 46, 72, 111]","[82.0, 82.0, 82.0, 82.0, 82.0]",method1_keyword_rule_based
347,아무도 말을 안 해준든?,"[14, 79, 52, 117, 10, 75, 13, 78, 17, 82, 7, 72, 39, 104, 12, 77]","[99.0, 99.0, 94.0, 94.0, 82.0, 82.0, 82.0, 82.0, 82.0, 82.0, 82.0, 82.0, 82.0, 82.0, 77.0, 77.0]",method1_keyword_rule_based
348,주말엔 청소를 해야하며 당번은 제비뽑기로 정한다.,"[163, 8, 73, 14, 46, 79, 111]","[82.0, 82.0, 82.0, 72.0, 72.0, 72.0, 72.0]",method1_keyword_rule_based
349,엔진을 켜 두었다.,"[47, 112, 46, 111, 163, 13, 78, 59, 124]","[171.0, 171.0, 137.0, 137.0, 77.0, 72.0, 72.0, 72.0, 72.0]",method1_keyword_rule_based
350,벌써 스위스라고? 하고 생각하였다.,"[163, 160, 161, 162, 59, 124, 151, 152]","[82.0, 77.0, 77.0, 77.0, 74.0, 74.0, 74.0, 74.0]",method1_keyword_rule_based
351,요즘 사람들이 레티놀이 들어간 화장품을 많이 찾는다.,"[148, 163, 6, 71, 58, 123, 59, 124, 145, 152]","[89.0, 82.0, 77.0, 77.0, 74.0, 74.0, 74.0, 74.0, 74.0, 74.0]",method1_keyword_rule_based
352,우리가 해줘도 돼.,"[13, 78, 140, 145, 148, 23, 88, 163, 160, 161, 162, 14, 46, 79, 111, 47, 112, 19, 84]","[99.0, 99.0, 89.0, 89.0, 89.0, 82.0, 82.0, 82.0, 82.0, 82.0, 82.0, 77.0, 77.0, 77.0, 77.0, 77.0, 77.0, 77.0, 77.0]",method1_keyword_rule_based
353,보트를 탔다.,"[46, 111, 171, 160, 161, 162, 163]","[169.0, 169.0, 89.0, 82.0, 82.0, 82.0, 82.0]",method1_keyword_rule_based
354,잔디밭에다 돋자리를 펴자.,"[2, 67, 5, 62, 70, 127, 14, 79, 42, 107, 34, 99, 61, 126, 11, 76]","[99.0, 99.0, 99.0, 99.0, 99.0, 99.0, 99.0, 99.0, 99.0, 99.0, 77.0, 77.0, 77.0, 77.0, 72.0, 72.0]",method1_keyword_rule_based
355,스폰서를 새로 구했다.,"[163, 0, 65, 1, 66, 3, 68, 7, 46, 72, 111, 160, 161, 162, 142]","[137.0, 82.0, 82.0, 82.0, 82.0, 82.0, 82.0, 77.0, 77.0, 77.0, 77.0, 77.0, 77.0, 77.0, 74.0]",method1_keyword_rule_based
356,매달 드는 분유 값이 얼마인지 알아?,"[14, 79, 160, 161, 162, 30, 95, 163]","[169.0, 169.0, 82.0, 82.0, 82.0, 82.0, 82.0, 82.0]",method1_keyword_rule_based
357,이 옷은 너무 빨게서 같이 입기가 부담스럽다.,"[160, 161, 162, 163, 5, 70, 14, 79, 2, 39, 67, 104, 26, 91]","[137.0, 137.0, 137.0, 137.0, 82.0, 82.0, 82.0, 82.0, 82.0, 82.0, 82.0, 82.0, 82.0, 82.0]",method1_keyword_rule_based
358,다시 생각해 보렴.,"[14, 79, 46, 111, 52, 117, 13, 78, 149, 160, 163, 7, 72, 137]","[137.0, 137.0, 137.0, 137.0, 94.0, 94.0, 89.0, 89.0, 89.0, 82.0, 82.0, 82.0, 82.0, 74.0]",method1_keyword_rule_based
359,"대리님, 점심은요?","[163, 145, 23, 88, 22, 87, 14, 79, 29, 94, 53, 118]","[137.0, 89.0, 82.0, 82.0, 82.0, 82.0, 77.0, 77.0, 77.0, 77.0, 77.0, 77.0]",method1_keyword_rule_based
360,"맛의 고장 전주인 만큼, 전통 맛집 및 빵지순례 등 타깃의 흥미와 트렌드에 맞춰 사진과 맛을 표현","[163, 42, 107, 56, 121]","[82.0, 77.0, 77.0, 72.0, 72.0]",method1_keyword_rule_based
361,이 하천에는 개굴이가 많이 산다.,"[160, 161, 162, 163, 46, 111, 140, 5, 70, 14, 79, 4, 69, 19, 84, 23, 88, 28, 93, 31, 96, 32, 97, 33, 98]","[137.0, 137.0, 137.0, 137.0, 137.0, 137.0, 89.0, 82.0, 82.0, 82.0, 82.0, 82.0, 82.0, 82.0, 82.0, 82.0, 82.0, 82.0, 82.0, 82.0, 82.0, 82.0, 82.0, 82.0, 82.0]",method1_keyword_rule_based
362,그 아이는 반톤타 같은 머리를 하고 있었다.,"[160, 161, 162, 154, 30, 95, 45, 110, 163, 46, 111]","[137.0, 137.0, 137.0, 89.0, 82.0, 82.0, 82.0, 82.0, 82.0, 82.0, 82.0]",method1_keyword_rule_based
363,"단, 현임교에서 받은 표창은 종류 및 회수에 상관없이 모두 인정하되 유예 기간 중 받은 것은 제외한다.","[3, 68, 11, 76, 14, 79, 163]","[82.0, 82.0, 82.0, 82.0, 82.0, 82.0, 82.0]",method1_keyword_rule_based
364,쌀의 자급을 달성한 통일벼 개발을 기념하기 위하여 통일벼 알 모양을 본떠서 기념비를 세웠다.,"[13, 78, 163, 25, 90, 40, 105, 43, 108]","[82.0, 82.0, 82.0, 72.0, 72.0, 72.0, 72.0, 72.0, 72.0]",method1_keyword_rule_based
365,추가적으로 고객님<차량 탑승 운전자>에게 '고객님이 진입하는 곳'이라는 언어 사용이 반말인지 문의드립니다.,"[46, 111, 163]","[82.0, 82.0, 82.0]",method1_keyword_rule_based
366,로브스터는 조리법에 따라 맛이 달라진다.,"[30, 95, 13, 78, 167, 163, 23, 88, 160, 161, 162]","[169.0, 169.0, 94.0, 94.0, 93.0, 82.0, 77.0, 77.0, 72.0, 72.0, 72.0]",method1_keyword_rule_based
367,옛날엔 시를 읽다가 인상 깊은 시구가 나오면 외워 뒀는데.,"[45, 110, 62, 127, 160, 163, 46, 111]","[82.0, 82.0, 82.0, 82.0, 82.0, 82.0, 77.0, 77.0]",method1_keyword_rule_based
368,추사 김정희의 〈세한도〉는 절세의 명작이다.,"[144, 163, 4, 69, 7, 46, 72, 111]","[91.0, 82.0, 77.0, 77.0, 77.0, 77.0, 77.0, 77.0]",method1_keyword_rule_based
369,닝큼 이리로 와라.,"[64, 129, 23, 88, 163, 4, 69, 17, 82, 31, 96]","[169.0, 169.0, 137.0, 137.0, 137.0, 82.0, 82.0, 82.0, 82.0, 82.0, 82.0]",method1_keyword_rule_based
370,카메라의 초점이 맞질 않는다.,[163],[82.0],method1_keyword_rule_based
371,그날 일에 대해 경위서를 쓸 준비하세요.,"[45, 110, 160, 161, 162, 5, 70, 24, 89, 30, 95, 42, 107, 56, 121, 14, 46, 79, 111]","[82.0, 82.0, 82.0, 82.0, 82.0, 82.0, 82.0, 82.0, 82.0, 82.0, 82.0, 82.0, 82.0, 82.0, 82.0, 82.0, 82.0, 82.0, 82.0]",method1_keyword_rule_based
372,믹서로 과일을 갈아 마시다.,"[7, 46, 72, 111, 160, 163]","[82.0, 82.0, 82.0, 82.0, 77.0, 77.0]",method1_keyword_rule_based
373,10월 31일은 할로윈 파티를 하는 날이다.,"[163, 59, 124, 149, 155]","[82.0, 74.0, 74.0, 74.0, 74.0]",method1_keyword_rule_based
374,가벼운 읽을거리도 마다하지 않았다.,"[14, 79, 31, 96, 13, 78, 46, 111, 163]","[99.0, 99.0, 99.0, 99.0, 94.0, 94.0, 77.0, 77.0, 77.0]",method1_keyword_rule_based
375,오늘은 고기를 구워 먹을 거에요. 은희가 말했다.,"[30, 95, 7, 72, 160, 161, 162, 163, 149, 43, 108]","[169.0, 169.0, 94.0, 94.0, 82.0, 82.0, 82.0, 82.0, 74.0, 74.0, 74.0]",method1_keyword_rule_based
376,그는 슬그머니 방으로 들어갔다. 거기에는 뭔가 의심스러운 것이 있었다.,"[160, 161, 162, 30, 95, 45, 110, 10, 75, 2, 67, 11, 76, 14, 79, 42, 107, 163]","[137.0, 137.0, 137.0, 82.0, 82.0, 82.0, 82.0, 82.0, 82.0, 77.0, 77.0, 77.0, 77.0, 77.0, 77.0, 77.0, 77.0, 72.0]",method1_keyword_rule_based
377,퀵서비스를 이용해서 물건을 보냈다.,"[23, 88, 7, 46, 72, 111, 160, 161, 162, 163, 14, 79]","[99.0, 99.0, 82.0, 82.0, 82.0, 82.0, 82.0, 82.0, 82.0, 82.0, 82.0, 82.0]",method1_keyword_rule_based
378,"어떤 시설(혹은 장소)을 닫다""라는 의미로 '폐쇄'라는 말을 사용하는데요.","[160, 163, 8, 73]","[82.0, 82.0, 82.0, 82.0]",method1_keyword_rule_based
379,그냥 한 번 뒤집어 봤어.,"[22, 87, 160, 161, 162, 23, 88, 24, 89, 133, 53, 118, 5, 70, 14, 79, 36, 101]","[82.0, 82.0, 82.0, 82.0, 82.0, 77.0, 77.0, 77.0, 77.0, 77.0, 77.0, 77.0, 72.0, 72.0, 72.0, 72.0, 72.0, 72.0]",method1_keyword_rule_based
380,"에라, 모르겠다 하고 도망가고 싶은 마음이 굴뚝이지만 그랬다가 선생님이 집에 전화하기라도 하면 더 복잡해진다.","[160, 161, 162, 163, 26, 91, 151, 152, 5, 70]","[137.0, 137.0, 137.0, 137.0, 82.0, 82.0, 74.0, 74.0, 72.0, 72.0]",method1_keyword_rule_based
381,움푹 패인 해골 같은 몰골이었다.,"[14, 46, 79, 111]","[82.0, 82.0, 82.0, 82.0]",method1_keyword_rule_based
382,푸시 알림을 통해 실시간으로 소식을 받아볼 수 있다.,"[160, 163, 14, 46, 79, 111]","[82.0, 82.0, 82.0, 82.0, 82.0, 82.0]",method1_keyword_rule_based
383,우리 앞에는 무지갯빛 미래가 펼쳐져 있다.,"[13, 78, 140, 145, 148, 23, 88, 163, 160, 161, 162, 26, 91, 39, 104, 4, 69]","[99.0, 99.0, 89.0, 89.0, 89.0, 82.0, 82.0, 82.0, 82.0, 82.0, 82.0, 82.0, 82.0, 82.0, 82.0, 82.0, 82.0]",method1_keyword_rule_based
384,좋은 성적을 받아서 그것을 얻어 냈든 아니든 널 그 학교에 보내는 일은 절대 없다.,"[20, 85, 7, 46, 72, 111, 160, 161, 162, 163, 145]","[99.0, 99.0, 77.0, 77.0, 77.0, 77.0, 77.0, 77.0, 77.0, 77.0, 74.0]",method1_keyword_rule_based
385,챔피언으로 등극하다.,"[30, 95, 5, 70, 38, 103, 52, 117, 13, 78, 163]","[169.0, 169.0, 99.0, 99.0, 99.0, 99.0, 99.0, 99.0, 82.0, 82.0, 77.0]",method1_keyword_rule_based
386,정치면이라면 몰라도 문화면에선 그다지 좋은 방법이 아니다.,"[30, 95, 163, 160]","[94.0, 94.0, 82.0, 77.0]",method1_keyword_rule_based
387,"시험을 칠 때 감독자 몰래 미리 준비한 답을 보고 쓰거나 남의 것을 베끼는 일""을 뜻하는 말은 '컨닝'입니다. '컨닝'은 '컨트롤'의 원어 발음이 [kɒn'trəl]로 [ɒ]는 '오'로 표기한다. 따라서 '컨닝'","[160, 163, 39, 104, 14, 79, 56, 121, 13, 78, 144, 134, 142]","[82.0, 82.0, 82.0, 82.0, 82.0, 82.0, 82.0, 82.0, 77.0, 77.0, 74.0, 72.0, 72.0]",method1_keyword_rule_based
388,다시는 너한테 상처 주지 않을게.,"[7, 72, 31, 96, 45, 110, 160, 163]","[137.0, 137.0, 82.0, 82.0, 82.0, 82.0, 77.0, 77.0]",method1_keyword_rule_based
389,내일 오후에 봐면 좋겠어요.,"[24, 89, 46, 111, 160, 161, 162, 163, 47, 112]","[169.0, 169.0, 82.0, 82.0, 82.0, 82.0, 82.0, 82.0, 82.0, 82.0]",method1_keyword_rule_based
390,교통사고 났을 때 구조해 주는 레커를 말하는 겁니다.,"[14, 79, 56, 121, 13, 78, 163]","[82.0, 82.0, 82.0, 82.0, 77.0, 77.0, 72.0]",method1_keyword_rule_based
391,떠나야만 하는 이 마음을 누가 알아줄까?,"[163, 160, 161, 162, 5, 70, 14, 79, 59, 124, 149, 155, 30, 95, 46, 111]","[137.0, 137.0, 137.0, 137.0, 82.0, 82.0, 82.0, 82.0, 74.0, 74.0, 74.0, 74.0, 72.0, 72.0, 72.0, 72.0]",method1_keyword_rule_based
392,탄탄한 기반과 경쟁력으로 많은 나라가 닮고 싶어 하는 자랑스러운 대한민국이 되었습니다.,[163],[82.0],method1_keyword_rule_based
393,우주 관측 센터를 운영하고 있습니다.,"[160, 161, 162, 163]","[82.0, 82.0, 82.0, 82.0]",method1_keyword_rule_based
394,올해로 한글 반포 578돐을 맞았다.,"[14, 46, 79, 111, 163, 142]","[82.0, 82.0, 82.0, 82.0, 82.0, 74.0]",method1_keyword_rule_based
395,너희에게 축복이 있을지어다.,"[7, 72, 30, 95, 160, 163]","[82.0, 82.0, 74.0, 74.0, 72.0, 72.0]",method1_keyword_rule_based
396,그는 얼굴이 잘생겨서 묻사람들의 부러움을 샀다.,"[160, 161, 162, 30, 95, 45, 110, 7, 46, 72, 111, 14, 79]","[137.0, 137.0, 137.0, 82.0, 82.0, 82.0, 82.0, 72.0, 72.0, 72.0, 72.0, 72.0, 72.0]",method1_keyword_rule_based
397,봄이 되어 나무에도 새 잎아리가 돋았다.,"[28, 93, 13, 78, 0, 65, 1, 66, 9, 74, 10, 75, 160, 140, 147]","[169.0, 169.0, 99.0, 99.0, 94.0, 94.0, 94.0, 94.0, 94.0, 94.0, 94.0, 94.0, 82.0, 74.0, 72.0]",method1_keyword_rule_based
398,형이 되어서 그렇게 굴면 안 되.,"[28, 93, 14, 79, 17, 82, 30, 95, 7, 46, 72, 111, 160, 21, 86]","[171.0, 171.0, 82.0, 82.0, 82.0, 82.0, 82.0, 82.0, 77.0, 77.0, 77.0, 77.0, 77.0, 72.0, 72.0]",method1_keyword_rule_based
399,나뭇가지에 연이 걸린다.,"[42, 107, 3, 68, 22, 87, 24, 89, 63, 128, 163, 46, 111, 160]","[173.0, 173.0, 82.0, 82.0, 82.0, 82.0, 82.0, 82.0, 82.0, 82.0, 77.0, 72.0, 72.0, 72.0]",method1_keyword_rule_based
400,이번 행사는 시민들에게 2014 아시아 경기 대회가 진정한 화합의 장이었다는 계기가 되었다.,"[142, 144, 153, 160, 161, 162, 163]","[89.0, 89.0, 89.0, 82.0, 82.0, 82.0, 82.0]",method1_keyword_rule_based
401,날씨가 추우니 윗옷을 겹쳐 입어라.,"[27, 92, 45, 110, 2, 39, 67, 104, 14, 79, 26, 91, 160, 161, 163, 162]","[99.0, 99.0, 82.0, 82.0, 82.0, 82.0, 82.0, 82.0, 82.0, 82.0, 82.0, 82.0, 77.0, 77.0, 77.0, 77.0]",method1_keyword_rule_based
402,"다행입니다, 감사합니다.","[131, 163, 160, 161, 143, 144, 152]","[101.0, 82.0, 77.0, 77.0, 76.0, 76.0, 76.0]",method1_keyword_rule_based
403,일시: 10. 9.(월) 15:30 ~ 20:30,"[150, 160, 163, 17, 82, 24, 89, 54, 119, 59, 124]","[89.0, 82.0, 82.0, 77.0, 77.0, 77.0, 77.0, 77.0, 77.0, 72.0, 72.0]",method1_keyword_rule_based
404,기름을 짓찌라도 조금은 남겨 두어야 한다.,"[14, 79, 42, 107, 55, 120, 163]","[99.0, 99.0, 94.0, 94.0, 91.0, 91.0, 82.0]",method1_keyword_rule_based
405,제가 매니큐어를 바를 때 그가 왔습니다.,"[163, 11, 76, 14, 79, 13, 78, 42, 107, 132, 160, 161]","[137.0, 82.0, 82.0, 82.0, 82.0, 77.0, 77.0, 77.0, 77.0, 74.0, 72.0, 72.0]",method1_keyword_rule_based
406,판교는 벤처 기업의 강력한 허브로 성장 중이다.,"[163, 14, 79, 131, 36, 101, 142]","[82.0, 77.0, 77.0, 77.0, 72.0, 72.0, 72.0]",method1_keyword_rule_based
407,거긴 주말엔 사람이 많을걸.,"[24, 89, 31, 96, 163, 6, 71, 14, 79, 16, 81]","[82.0, 82.0, 82.0, 82.0, 82.0, 77.0, 77.0, 77.0, 77.0, 77.0, 77.0]",method1_keyword_rule_based
408,해당 지침을 문서화해 놓은 것입니다.,"[14, 46, 79, 111, 160, 163, 7, 72]","[82.0, 82.0, 82.0, 82.0, 82.0, 82.0, 82.0, 82.0]",method1_keyword_rule_based
409,잘 먹겠습니다.,"[7, 72, 25, 90, 41, 106, 58, 123, 59, 124, 160, 161, 163]","[96.0, 96.0, 72.0, 72.0, 72.0, 72.0, 72.0, 72.0, 72.0, 72.0, 72.0, 72.0, 72.0]",method1_keyword_rule_based
410,그냥 흔하디 흔한 가게일 뿐이다.,"[22, 87, 160, 161, 162, 163]","[82.0, 82.0, 82.0, 82.0, 82.0, 82.0]",method1_keyword_rule_based
411,솔루션을 찾았다.,[163],[77.0],method1_keyword_rule_based
412,요즘은 정보지식을 갖추는 것이 곧 경쟁력이다.,"[163, 160, 14, 79, 142]","[82.0, 82.0, 79.0, 79.0, 74.0]",method1_keyword_rule_based
413,나는 그녀의 등을 가볍게 토닥여 주었다.,"[46, 111, 163, 7, 72, 13, 78, 14, 79, 21, 86, 23, 88, 28, 30, 93, 95, 160, 161, 162]","[137.0, 137.0, 137.0, 82.0, 82.0, 82.0, 82.0, 82.0, 82.0, 82.0, 82.0, 82.0, 82.0, 82.0, 82.0, 82.0, 82.0, 82.0, 82.0, 82.0]",method1_keyword_rule_based
414,그쪽이 먼저 선수를 처서 돈을 지불했다.,"[7, 14, 72, 79, 2, 67, 13, 78]","[137.0, 137.0, 137.0, 137.0, 82.0, 82.0, 82.0, 82.0]",method1_keyword_rule_based
415,"문방사우 종이, 붓, 먹, 벼루를 다 가져왔으니 이제 글만 쓰면 되겠다.","[150, 160, 161, 162, 163, 53, 118, 27, 92]","[93.0, 82.0, 82.0, 82.0, 82.0, 77.0, 77.0, 72.0, 72.0]",method1_keyword_rule_based
416,제 실력을 확인해 보려고 합니다.,"[163, 11, 76, 14, 79, 13, 78, 42, 107, 149]","[137.0, 82.0, 82.0, 82.0, 82.0, 77.0, 77.0, 77.0, 77.0, 74.0]",method1_keyword_rule_based
417,이번 여름엔 순천만에서 하는 축제에 가보려고.,"[142, 144, 153, 149, 160, 161, 162, 163, 147]","[89.0, 89.0, 89.0, 89.0, 82.0, 82.0, 82.0, 82.0, 74.0]",method1_keyword_rule_based
418,항상 윗어른을 공경해야 한다.,"[2, 62, 67, 127, 160]","[99.0, 99.0, 99.0, 99.0, 82.0]",method1_keyword_rule_based
419,그러면 혹시 추천하시는 애플리케이션은 없나요?,"[160, 163]","[82.0, 82.0]",method1_keyword_rule_based
420,"1장, 연구 목적 및 필요성","[3, 68, 52, 117, 143, 7, 72, 14, 79, 39, 104, 56, 121, 163, 59, 124, 149, 156]","[169.0, 169.0, 94.0, 94.0, 89.0, 82.0, 82.0, 82.0, 82.0, 82.0, 82.0, 82.0, 82.0, 82.0, 74.0, 74.0, 74.0, 74.0]",method1_keyword_rule_based
421,남산 타워에 올라가다.,"[30, 95, 171, 46, 111, 163]","[94.0, 94.0, 89.0, 82.0, 82.0, 82.0]",method1_keyword_rule_based
422,카메라로 사진을 찍어요,"[163, 160, 155, 156]","[82.0, 77.0, 74.0, 74.0]",method1_keyword_rule_based
423,미국에 가면 뒷마당에 칩멍크가 많다.,"[163, 46, 111, 149]","[82.0, 82.0, 82.0, 74.0]",method1_keyword_rule_based
424,"철수야, 나랑 놀자!","[46, 111, 163, 7, 72, 13, 78, 14, 79, 21, 86, 23, 88, 28, 30, 93, 95, 6, 71]","[137.0, 137.0, 137.0, 82.0, 82.0, 82.0, 82.0, 82.0, 82.0, 82.0, 82.0, 82.0, 82.0, 82.0, 82.0, 82.0, 82.0, 82.0, 82.0]",method1_keyword_rule_based
425,대추를 서른두 번째 먹었다.,"[163, 7, 46, 72, 111]","[82.0, 82.0, 82.0, 82.0, 82.0]",method1_keyword_rule_based
426,그럴 수 있어요. 하지만 저는 그렇게 생각하지 않아요.,"[30, 95, 27, 92, 160, 161, 162, 1, 66, 11, 76, 17, 82, 19, 84, 163, 59, 124]","[169.0, 169.0, 99.0, 99.0, 82.0, 82.0, 82.0, 82.0, 82.0, 82.0, 82.0, 82.0, 82.0, 82.0, 82.0, 77.0, 74.0, 74.0]",method1_keyword_rule_based
427,솔직히 나라면 그 사람 결혼식에 갈 것 같진 않다.,"[53, 118, 160, 161, 162, 163, 46, 111, 30, 95, 45, 110, 149, 59, 124, 143, 147, 148]","[171.0, 171.0, 137.0, 137.0, 137.0, 82.0, 82.0, 82.0, 82.0, 82.0, 82.0, 82.0, 76.0, 74.0, 74.0, 74.0, 74.0, 74.0]",method1_keyword_rule_based
428,어서 쾌차하시기를 바라요.,"[28, 93, 163, 160]","[99.0, 99.0, 82.0, 82.0]",method1_keyword_rule_based
429,"창호에 설치된 철물(돌쩌귀, 삼베목, 문고리, 등자쇠 등)에 손상은 없는가?","[163, 160, 14, 79, 148, 149, 150, 152, 156]","[82.0, 82.0, 82.0, 82.0, 72.0, 72.0, 72.0, 72.0, 72.0]",method1_keyword_rule_based
430,사장 딸이라고 특혜를 받으면 안 되지.,"[163, 13, 78, 40, 105]","[82.0, 72.0, 72.0, 72.0, 72.0]",method1_keyword_rule_based
431,아래의 시계에 내가 저녁 식사 하는 시간을 시침과 분침으로 그려 보세요.,"[46, 111, 5, 70, 14, 79, 13, 78, 160, 161, 162, 163, 7, 72, 21, 86, 24, 89, 39, 104]","[137.0, 137.0, 99.0, 99.0, 99.0, 99.0, 94.0, 94.0, 82.0, 82.0, 82.0, 82.0, 82.0, 82.0, 82.0, 82.0, 82.0, 82.0, 82.0, 82.0]",method1_keyword_rule_based
432,우리 장모님은 프라이드 치킨을 별로 좋아하지 않는다.,"[13, 78, 140, 145, 148, 23, 88, 163, 160, 161, 162, 5, 70]","[99.0, 99.0, 89.0, 89.0, 89.0, 82.0, 82.0, 82.0, 82.0, 82.0, 82.0, 77.0, 77.0]",method1_keyword_rule_based
433,올해는 텃밭에 강낭콩을 심었다.,"[17, 82, 14, 46, 79, 111, 9, 74]","[171.0, 171.0, 82.0, 82.0, 82.0, 82.0, 77.0, 77.0]",method1_keyword_rule_based
434,다음 달 사흗날이면 완성될 것이다.,"[41, 106, 163, 0, 65, 11, 76, 14, 79, 45, 110, 148]","[91.0, 91.0, 82.0, 82.0, 82.0, 82.0, 82.0, 82.0, 82.0, 77.0, 77.0, 74.0]",method1_keyword_rule_based
435,태평양은 세계 바다 면적의 반 정도를 차지한다.,"[178, 7, 46, 72, 111, 163, 149]","[91.0, 82.0, 82.0, 82.0, 82.0, 82.0, 74.0]",method1_keyword_rule_based
436,"비가 올때, 우리는 백화점에서 쇼핑을 하고 있었다.","[163, 13, 78, 140, 145, 148, 2, 67, 4, 69, 14, 79, 17, 82, 21, 86, 23, 88, 56, 121, 160, 161, 162]","[137.0, 99.0, 99.0, 89.0, 89.0, 89.0, 82.0, 82.0, 82.0, 82.0, 82.0, 82.0, 82.0, 82.0, 82.0, 82.0, 82.0, 82.0, 82.0, 82.0, 82.0, 82.0, 82.0]",method1_keyword_rule_based
437,아무 데나 앉으면 안 된다.,"[163, 14, 79, 52, 117, 7, 72, 10, 75, 160]","[137.0, 99.0, 99.0, 94.0, 94.0, 82.0, 82.0, 77.0, 77.0, 77.0]",method1_keyword_rule_based
438,"아범아, 내일은 에미와 처가에 다녀와라.","[24, 89, 13, 78, 46, 111, 160, 161, 162, 163, 39, 104, 139, 144]","[169.0, 169.0, 82.0, 82.0, 82.0, 82.0, 82.0, 82.0, 82.0, 82.0, 77.0, 77.0, 72.0, 72.0]",method1_keyword_rule_based
439,그런 건 하면 안 돼.,"[7, 72, 62, 127, 142, 160, 161, 162, 45, 110, 163, 10, 75, 149, 52, 117, 59, 124]","[94.0, 94.0, 94.0, 94.0, 89.0, 82.0, 82.0, 82.0, 82.0, 82.0, 82.0, 77.0, 77.0, 74.0, 72.0, 72.0, 72.0, 72.0]",method1_keyword_rule_based
440,이모작 작부체게는 다음과 같다.,"[163, 14, 79, 5, 70, 160, 161, 162]","[82.0, 82.0, 82.0, 77.0, 77.0, 77.0, 77.0, 77.0]",method1_keyword_rule_based
441,개업 후 천 손님이다.,"[163, 46, 111, 7, 72, 14, 79, 39, 104]","[137.0, 82.0, 82.0, 82.0, 82.0, 82.0, 82.0, 82.0, 82.0]",method1_keyword_rule_based
442,스킨십은 천천히 하는 게 좋다.,"[163, 13, 78, 14, 79, 45, 110, 63, 128, 160, 161, 162, 59, 124, 149, 155]","[137.0, 82.0, 82.0, 82.0, 82.0, 82.0, 82.0, 82.0, 82.0, 77.0, 77.0, 77.0, 74.0, 74.0, 74.0, 74.0]",method1_keyword_rule_based
443,여자친구에게 프로포즈를 하려고 한다.,"[22, 87, 163, 160, 161, 162]","[94.0, 94.0, 77.0, 72.0, 72.0, 72.0]",method1_keyword_rule_based
444,나는 마라탕을 한번도 먹어 본 적 없다.,"[46, 111, 163, 7, 72, 13, 78, 14, 79, 21, 86, 23, 88, 28, 30, 93, 95, 39, 104, 19, 84]","[137.0, 137.0, 137.0, 82.0, 82.0, 82.0, 82.0, 82.0, 82.0, 82.0, 82.0, 82.0, 82.0, 82.0, 82.0, 82.0, 82.0, 82.0, 82.0, 72.0, 72.0]",method1_keyword_rule_based
445,이 문장은 중의적 의미를 담고 있다.,"[160, 161, 162, 163, 142, 5, 70, 14, 79, 31, 96, 2, 67, 7, 72, 145]","[137.0, 137.0, 137.0, 137.0, 89.0, 82.0, 82.0, 82.0, 82.0, 82.0, 82.0, 77.0, 77.0, 77.0, 77.0, 74.0]",method1_keyword_rule_based
446,이야기거리가 이제 다 떨어졌다.,"[14, 79, 31, 96, 13, 78, 160, 161, 162, 163]","[99.0, 99.0, 99.0, 99.0, 94.0, 94.0, 82.0, 82.0, 82.0, 82.0]",method1_keyword_rule_based
447,나중에 사람들이 미추왕릉 앞에 대나무 잎이 수북이 쌓여 있는 것을 보고 적을 물리친 것이 선왕의 음덕임을 깨달았다.,"[148, 46, 111, 163, 58, 123, 59, 124, 145, 152]","[89.0, 82.0, 82.0, 82.0, 74.0, 74.0, 74.0, 74.0, 74.0, 74.0]",method1_keyword_rule_based
448,그럼 코코넛 껍질도 껍질인 것이지요?,"[59, 124, 160, 161, 162, 163]","[89.0, 89.0, 82.0, 82.0, 82.0, 77.0]",method1_keyword_rule_based
449,여러 전시회에 출품할 만한 작품이었다.,"[160, 163, 59, 124, 151]","[77.0, 77.0, 74.0, 74.0, 74.0]",method1_keyword_rule_based
450,1:1 대응 관계,"[14, 79, 146, 149]","[94.0, 94.0, 89.0, 74.0]",method1_keyword_rule_based
451,흠뻑 젖은 머리는 밖에 비가 오고 있음을 짐작하게 했다.,"[2, 67, 12, 77, 42, 107, 11, 76]","[99.0, 99.0, 99.0, 99.0, 99.0, 99.0, 94.0, 94.0]",method1_keyword_rule_based
452,신규 채용 여부는 신규 채용인 경우와 기존인 경우로 표기한다.,"[14, 79, 163]","[82.0, 82.0, 82.0]",method1_keyword_rule_based
453,2024년 1월 1일 이후에 실시하는 입원 진료부터 본인 부담율 감면이 적용될 예정이다.,"[160, 161, 162, 163, 59, 124, 149, 155]","[82.0, 82.0, 82.0, 82.0, 74.0, 74.0, 74.0, 74.0]",method1_keyword_rule_based
454,"금액: 25,000원",[],[],method1_keyword_rule_based
455,기술이 나날이 발전하고 있다.,"[163, 45, 110, 46, 111, 160, 161, 162]","[82.0, 77.0, 77.0, 77.0, 77.0, 77.0, 77.0, 77.0]",method1_keyword_rule_based
456,"너 어디 사니?"" 하고 물어보려다가 입을 다물었어요.","[7, 72, 13, 78, 14, 79, 131, 31, 96, 45, 110, 160, 161, 163, 145, 152]","[137.0, 137.0, 99.0, 99.0, 94.0, 94.0, 89.0, 82.0, 82.0, 82.0, 82.0, 82.0, 82.0, 82.0, 74.0, 74.0]",method1_keyword_rule_based
457,어제 공원에서 재즈 뺀드가 공연을 했다.,"[14, 79, 44, 109, 168, 160, 163, 149]","[169.0, 169.0, 94.0, 94.0, 89.0, 82.0, 82.0, 74.0]",method1_keyword_rule_based
458,왼쪽에서 열셋째 그림은 합격이다.,"[7, 14, 72, 79, 160, 161, 162]","[82.0, 82.0, 82.0, 82.0, 82.0, 82.0, 82.0]",method1_keyword_rule_based
459,올해 캘린더를 샀다.,"[14, 46, 79, 111, 163]","[82.0, 82.0, 82.0, 82.0, 82.0]",method1_keyword_rule_based
460,알아갈수록 더 좋게 느껴지는 사람이었다.,"[5, 70, 11, 76, 39, 104, 46, 111, 13, 78, 14, 79, 31, 96, 35, 100, 37, 102, 42, 107]","[82.0, 82.0, 82.0, 82.0, 82.0, 82.0, 82.0, 82.0, 77.0, 77.0, 77.0, 77.0, 77.0, 77.0, 77.0, 77.0, 77.0, 77.0, 77.0, 77.0]",method1_keyword_rule_based
461,장애인 뿐만 아니라 비장애인도 이용할 수 있다.,"[160, 161, 163, 162]","[77.0, 77.0, 77.0, 77.0]",method1_keyword_rule_based
462,크레딧 카드,"[160, 161, 162, 163]","[82.0, 82.0, 82.0, 77.0]",method1_keyword_rule_based
463,여기는 모두 2014년도 졸업식에 참가한 사람들이다.,"[163, 5, 70, 142, 149, 152, 154]","[82.0, 82.0, 82.0, 74.0, 74.0, 74.0, 74.0]",method1_keyword_rule_based
464,그런 녹록치 않은 상황 속에서도 조국과 국민을 위해 헌신했던 그분들의 생애는 어릴 적 읽었던 위인전처럼 이 시대의 후배 경찰들에게 벅찬 감동과 큰 가르침을 주는 고마운 선물이 아닐 수 없습니다.,"[160, 163, 142, 161, 162, 1, 66, 7, 72, 14, 79, 23, 88, 33, 98, 48, 113, 61, 126, 149]","[137.0, 137.0, 89.0, 82.0, 82.0, 82.0, 82.0, 82.0, 82.0, 82.0, 82.0, 82.0, 82.0, 82.0, 82.0, 82.0, 82.0, 82.0, 82.0, 74.0]",method1_keyword_rule_based
465,카드를 뒤집어 엎어보기까지는 누가 이겼는지 모른다.,"[160, 161, 162, 34, 99, 27, 92, 39, 104]","[82.0, 82.0, 82.0, 77.0, 77.0, 72.0, 72.0, 72.0, 72.0]",method1_keyword_rule_based
466,바나나,"[46, 111, 163]","[77.0, 77.0, 77.0]",method1_keyword_rule_based
467,주책이 없어 자꾸 남의 말에 흔들리게 된다.,"[1, 66, 27, 92, 163, 160]","[169.0, 169.0, 169.0, 169.0, 82.0, 82.0]",method1_keyword_rule_based
468,이번에 새로 나온 브랜드예요.,"[142, 144, 153, 160, 161, 162, 163, 46, 111]","[89.0, 89.0, 89.0, 82.0, 82.0, 82.0, 82.0, 82.0, 82.0]",method1_keyword_rule_based
469,오늘 총 십오만칠천 명이 모였다.,"[160, 161, 162, 163, 11, 76, 14, 79, 149, 10, 75, 20, 85]","[82.0, 82.0, 82.0, 82.0, 77.0, 77.0, 77.0, 77.0, 74.0, 72.0, 72.0, 72.0, 72.0]",method1_keyword_rule_based
470,"네? 의, 의사라고요?","[7, 8, 72, 73, 163, 18, 83, 141, 145, 23, 88, 64, 129, 14, 79, 53, 118]","[137.0, 137.0, 137.0, 137.0, 137.0, 82.0, 82.0, 82.0, 82.0, 82.0, 82.0, 82.0, 82.0, 77.0, 77.0, 77.0, 77.0]",method1_keyword_rule_based
471,알아서 좀 해.,"[46, 111, 14, 79, 20, 85, 7, 72, 160, 161, 162, 163, 136, 149, 150]","[137.0, 137.0, 137.0, 137.0, 99.0, 99.0, 82.0, 82.0, 77.0, 77.0, 77.0, 77.0, 72.0, 72.0, 72.0]",method1_keyword_rule_based
472,2023.4.17(월),"[17, 82, 24, 89, 54, 119, 59, 124]","[77.0, 77.0, 77.0, 77.0, 77.0, 77.0, 72.0, 72.0]",method1_keyword_rule_based
473,너무 쩨쩨한 것 같아. 네 번으로 하자.,"[27, 92, 14, 79, 19, 84, 160, 161, 162, 163, 45, 110]","[169.0, 169.0, 137.0, 137.0, 82.0, 82.0, 82.0, 82.0, 82.0, 82.0, 77.0, 77.0]",method1_keyword_rule_based
474,모차르트(오스트리아의 작곡가)는 고전파의 양식을 확립하였다.,"[163, 46, 111, 5, 70, 160, 161, 162, 23, 88]","[77.0, 77.0, 77.0, 72.0, 72.0, 72.0, 72.0, 72.0, 72.0, 72.0]",method1_keyword_rule_based
475,다음 주에 시험을 볼 테니 그리 알고 열심히 공부하세요.,"[163, 1, 66, 13, 78, 14, 79, 20, 85, 28, 47, 93, 112, 160, 148, 144]","[137.0, 82.0, 82.0, 82.0, 82.0, 82.0, 82.0, 82.0, 82.0, 82.0, 82.0, 82.0, 82.0, 82.0, 74.0, 74.0]",method1_keyword_rule_based
476,그는 여전히 미심쩍어하는 눈치였다.,"[160, 161, 162, 30, 95, 45, 110, 163]","[137.0, 137.0, 137.0, 82.0, 82.0, 82.0, 82.0, 82.0]",method1_keyword_rule_based
477,오늘은 무슨 일이 있어도 반듯이 이 일을 끝내고야 말겠다.,"[27, 92, 160, 161, 162, 163, 4, 69, 149]","[99.0, 99.0, 82.0, 82.0, 82.0, 82.0, 82.0, 82.0, 74.0]",method1_keyword_rule_based
478,영화의 장면을 이야기할 때는 씬이라고 하는 거야.,"[160, 161, 162, 163]","[77.0, 77.0, 77.0, 77.0]",method1_keyword_rule_based
479,허리를 터치하게 펴고 앉아라.,"[14, 79, 165, 52, 117, 23, 88, 163, 160]","[99.0, 99.0, 94.0, 94.0, 94.0, 82.0, 82.0, 82.0, 82.0]",method1_keyword_rule_based
480,다희가 알았으면 엄청 화냈을걸?,"[163, 10, 75, 7, 72, 14, 79, 160]","[82.0, 82.0, 82.0, 77.0, 77.0, 77.0, 77.0, 72.0]",method1_keyword_rule_based
481,우리 동네까지 셔틀버스가 온다.,"[13, 78, 140, 145, 148, 23, 88, 163, 160, 161, 162, 7, 8, 72, 73]","[99.0, 99.0, 89.0, 89.0, 89.0, 82.0, 82.0, 82.0, 82.0, 82.0, 82.0, 82.0, 82.0, 82.0, 82.0]",method1_keyword_rule_based
482,백스테이지에는 관계자만 들어갈 수 있다.,"[30, 95, 160, 163, 161, 162]","[99.0, 99.0, 77.0, 77.0, 72.0, 72.0]",method1_keyword_rule_based
483,하마터면 잘못 갈뻔했다.,"[46, 111, 13, 78, 17, 82, 30, 95, 56, 121, 163, 59, 124]","[99.0, 99.0, 82.0, 82.0, 82.0, 82.0, 82.0, 82.0, 82.0, 82.0, 77.0, 74.0, 74.0]",method1_keyword_rule_based
484,사람들은 예뻐지기 위해 입술 필러를 맞는다.,"[148, 163, 160, 14, 46, 79, 111, 58, 123, 59, 124, 145, 152, 149, 8, 73]","[89.0, 82.0, 82.0, 82.0, 82.0, 82.0, 82.0, 74.0, 74.0, 74.0, 74.0, 74.0, 74.0, 74.0, 72.0, 72.0]",method1_keyword_rule_based
485,친구랑 길을 걷다가 친구가 저에게 '너 너무 천천히 걸어. 나 한 걸음 걸을 때 너 다섯 걸음 걷는 것 같아.'라고 했습니다.,"[30, 95, 163, 31, 96, 42, 107, 10, 75, 13, 78, 14, 79, 46, 111]","[99.0, 99.0, 82.0, 82.0, 82.0, 82.0, 82.0, 77.0, 77.0, 77.0, 77.0, 77.0, 77.0, 77.0, 77.0]",method1_keyword_rule_based
486,완전히 넌가 나간 얼굴이다.,"[45, 110, 163, 15, 30, 80, 95, 46, 111, 160]","[137.0, 137.0, 82.0, 82.0, 82.0, 82.0, 82.0, 82.0, 82.0, 77.0]",method1_keyword_rule_based
487,여기는 무엇 하러 왔니?,"[45, 110, 163, 4, 69, 145, 149, 59, 124]","[99.0, 99.0, 82.0, 82.0, 82.0, 74.0, 74.0, 74.0, 74.0]",method1_keyword_rule_based
488,금값이 역대 최고값을 경신하였다.,[163],[82.0],method1_keyword_rule_based
489,스테이크를 굽기 전에 겉면을 잘 브라우닝하면 더 풍미가 좋아진다.,"[163, 10, 75, 14, 79, 23, 88, 160, 161, 162]","[82.0, 82.0, 82.0, 82.0, 82.0, 82.0, 82.0, 72.0, 72.0, 72.0]",method1_keyword_rule_based
490,순영이는 집에서 무려 열두째이다.,"[13, 78, 26, 91, 42, 107, 63, 128, 4, 69, 163]","[82.0, 82.0, 82.0, 82.0, 82.0, 82.0, 82.0, 82.0, 82.0, 82.0, 82.0]",method1_keyword_rule_based
491,사실은 하나도 안 웃겨. 하고 속으로 생각했다.,"[14, 79, 163, 46, 111, 7, 72, 39, 104, 12, 77, 13, 78]","[109.0, 109.0, 82.0, 82.0, 82.0, 82.0, 82.0, 82.0, 82.0, 77.0, 77.0, 77.0, 77.0]",method1_keyword_rule_based
492,너한테는 식은 죽 먹기겠지만 나한테는 아니다.,"[13, 78, 5, 70, 10, 75, 20, 85, 31, 96, 173, 174]","[99.0, 99.0, 82.0, 82.0, 82.0, 82.0, 82.0, 82.0, 82.0, 82.0, 72.0, 72.0]",method1_keyword_rule_based
493,"윤석중 전집(1988), 70쪽 참조","[7, 72, 14, 79, 2, 67, 13, 78, 142]","[137.0, 137.0, 137.0, 137.0, 82.0, 82.0, 82.0, 82.0, 76.0]",method1_keyword_rule_based
494,오고 가는 시간에는 영어 단어를 짬짬이 외운다.,"[14, 79, 160, 161, 162, 163, 46, 111, 15, 30, 80, 95, 59, 124]","[94.0, 94.0, 82.0, 82.0, 82.0, 82.0, 82.0, 82.0, 82.0, 82.0, 82.0, 82.0, 74.0, 74.0]",method1_keyword_rule_based
495,퇴근하며 사무실 문을 잘 잠궜다.,"[156, 163, 4, 69, 144, 142, 143, 151]","[91.0, 82.0, 77.0, 77.0, 74.0, 74.0, 74.0, 74.0]",method1_keyword_rule_based
496,영어는 '잉글리시'라고 발음한다.,"[160, 23, 88, 163]","[82.0, 72.0, 72.0, 72.0]",method1_keyword_rule_based
497,어머니를 도와 드리려 설거지를 하다가 그릇을 두 개나 깨버렸다.,"[163, 137, 23, 88, 26, 91, 160, 161, 162, 149, 155]","[137.0, 91.0, 82.0, 82.0, 82.0, 82.0, 77.0, 77.0, 77.0, 76.0, 76.0]",method1_keyword_rule_based
